hitter_id,player,team,opponent,game_start_time,game_status,batting_order,pitcher,pitcher_id,pitcher_hand,hitter_hand,barrel_pct,iso,avg_exit_velocity,ev50,xslg,xiso,xwoba,bat_speed,fast_swing_pct,pull_pct,fb_pct,hard_hit_pct,hr_total,pitcher_barrel_pct_allowed,pitcher_hard_hit_pct_allowed,pitcher_avg_exit_velocity_allowed,pitcher_xslg_allowed,pitcher_xiso_allowed,pitcher_fb_pct_allowed,pitcher_hr_allowed,pitcher_hr_allowed_vs_lhh,pitcher_hr_allowed_vs_rhh,ballpark,park_hr_factor,weather_temp,wind_speed,wind_direction,confirmed_lineup,rotowire_confirmed_lineup,rotowire_batting_order,rotowire_player_found,lineup_disagreement,lineup_sources_used,source_warnings,stat_years_used,bvp_pa,bvp_hr,bvp_note,recent_games,recent_hits,recent_abs,recent_hr,recent_form_note,split_matchup_note,pitch_mix_note,public_attention,odds
665487,Fernando Tatis Jr.,SD,TEX,2026-06-20T00:05:00Z,Warmup,1,Jacob deGrom,594798,R,R,10.93,0.1017,92.04,104.1412,0.4411,0.1596,0.3567,75.05,54.32,30.25,20.96,53.06,8.9,9.44,43.58,90.66,0.4071,0.1763,31.14,16.9,16.9,16.9,Globe Life Field,100,74,0,None,Yes,Yes,1,Yes,No,MLB Stats API; RotoWire,,H:2026/2025 P:2026/2025,,,Direct BvP not yet weighted; 2026/2025 Statcast baseline active,7,10,30,1,Contact streak: 10/30 over last 7 games,"same-side matchup; pitcher baseline 9.4% barrel, 16.9 HR allowed",EV profile; pitcher allows elevated contact,,
669392,Samad Taylor,SD,TEX,2026-06-20T00:05:00Z,Warmup,2,Jacob deGrom,594798,R,R,2.8,0.0798,81.3,93.469,0.3189,0.0675,0.2789,68.67,4.27,32.7,12.15,20.55,0.7,9.44,43.58,90.66,0.4071,0.1763,31.14,16.9,16.9,16.9,Globe Life Field,100,74,0,None,Yes,Yes,2,Yes,No,MLB Stats API; RotoWire,,H:2026/2025 P:2026/2025,,,Direct BvP not yet weighted; 2026/2025 Statcast baseline active,7,10,28,1,Contact streak: 10/28 over last 7 games,"same-side matchup; pitcher baseline 9.4% barrel, 16.9 HR allowed",neutral batted-ball profile; pitcher allows elevated contact,,
701538,Jackson Merrill,SD,TEX,2026-06-20T00:05:00Z,Warmup,3,Jacob deGrom,594798,R,L,11.32,0.1594,90.05,100.7081,0.4508,0.2039,0.326,73.05,28.09,36.44,28.38,45.91,10.4,9.44,43.58,90.66,0.4071,0.1763,31.14,16.9,16.9,16.9,Globe Life Field,100,74,0,None,Yes,Yes,3,Yes,No,MLB Stats API; RotoWire,,H:2026/2025 P:2026/2025,,,Direct BvP not yet weighted; 2026/2025 Statcast baseline active,7,9,30,2,Hot streak: 2 HR in last 7 games,"platoon edge; pitcher baseline 9.4% barrel, 16.9 HR allowed",neutral batted-ball profile; pitcher allows elevated contact,,
592518,Manny Machado,SD,TEX,2026-06-20T00:05:00Z,Warmup,4,Jacob deGrom,594798,R,R,10.17,0.1822,90.8,101.6126,0.4257,0.1848,0.3214,74.43,42.51,41.34,25.14,45.06,16.5,9.44,43.58,90.66,0.4071,0.1763,31.14,16.9,16.9,16.9,Globe Life Field,100,74,0,None,Yes,Yes,4,Yes,No,MLB Stats API; RotoWire,,H:2026/2025 P:2026/2025,,,Direct BvP not yet weighted; 2026/2025 Statcast baseline active,7,6,26,1,"Last 7 games: 6/26, 1 HR","same-side matchup; pitcher baseline 9.4% barrel, 16.9 HR allowed",neutral batted-ball profile; pitcher allows elevated contact,,
657757,Gavin Sheets,SD,TEX,2026-06-20T00:05:00Z,Warmup,5,Jacob deGrom,594798,R,L,8.69,0.2043,89.34,100.3403,0.4201,0.1746,0.3288,74.59,48.33,39.89,24.26,45.17,13.4,9.44,43.58,90.66,0.4071,0.1763,31.14,16.9,16.9,16.9,Globe Life Field,100,74,0,None,Yes,Yes,5,Yes,No,MLB Stats API; RotoWire,,H:2026/2025 P:2026/2025,,,Direct BvP not yet weighted; 2026/2025 Statcast baseline active,7,6,25,1,"Last 7 games: 6/25, 1 HR","platoon edge; pitcher baseline 9.4% barrel, 16.9 HR allowed",neutral batted-ball profile; pitcher allows elevated contact,,
593428,Xander Bogaerts,SD,TEX,2026-06-20T00:05:00Z,Warmup,6,Jacob deGrom,594798,R,R,6.76,0.1196,88.23,99.5655,0.3948,0.1418,0.32,71.99,25.23,47.16,24.18,37.59,8.9,9.44,43.58,90.66,0.4071,0.1763,31.14,16.9,16.9,16.9,Globe Life Field,100,74,0,None,Yes,Yes,6,Yes,No,MLB Stats API; RotoWire,,H:2026/2025 P:2026/2025,,,Direct BvP not yet weighted; 2026/2025 Statcast baseline active,7,5,22,0,"Last 7 games: 5/22, 0 HR","same-side matchup; pitcher baseline 9.4% barrel, 16.9 HR allowed",neutral batted-ball profile; pitcher allows elevated contact,,
664034,Ty France,SD,TEX,2026-06-20T00:05:00Z,Warmup,7,Jacob deGrom,594798,R,R,9.87,0.1632,90.69,101.6217,0.4229,0.1765,0.314,71.42,16.03,33.98,21.54,47.21,6.3,9.44,43.58,90.66,0.4071,0.1763,31.14,16.9,16.9,16.9,Globe Life Field,100,74,0,None,Yes,Yes,7,Yes,No,MLB Stats API; RotoWire,,H:2026/2025 P:2026/2025,,,Direct BvP not yet weighted; 2026/2025 Statcast baseline active,7,2,20,0,"Last 7 games: 2/20, 0 HR","same-side matchup; pitcher baseline 9.4% barrel, 16.9 HR allowed",neutral batted-ball profile; pitcher allows elevated contact,,
695238,Will Wagner,SD,TEX,2026-06-20T00:05:00Z,Warmup,8,Jacob deGrom,594798,R,L,0.6,0.0547,85.68,95.0173,0.2924,0.0415,0.3285,69.28,6.3,24.7,15.02,27.34,0.0,9.44,43.58,90.66,0.4071,0.1763,31.14,16.9,16.9,16.9,Globe Life Field,100,74,0,None,Yes,Yes,8,Yes,No,MLB Stats API; RotoWire,,H:2026/2025 P:2026/2025,,,Direct BvP not yet weighted; 2026/2025 Statcast baseline active,7,4,16,0,"Last 7 games: 4/16, 0 HR","platoon edge; pitcher baseline 9.4% barrel, 16.9 HR allowed",neutral batted-ball profile; pitcher allows elevated contact,,
660710,Rodolfo Durán,SD,TEX,2026-06-20T00:05:00Z,Warmup,9,Jacob deGrom,594798,R,R,16.1,0.273,88.0,100.063,0.458,0.241,0.349,73.4,34.8,38.7,35.5,35.5,3.0,9.44,43.58,90.66,0.4071,0.1763,31.14,16.9,16.9,16.9,Globe Life Field,100,74,0,None,Yes,Yes,9,Yes,No,MLB Stats API; RotoWire,,H:2026 P:2026/2025,,,Direct BvP not yet weighted; 2026/2025 Statcast baseline active,7,5,20,2,Hot streak: 2 HR in last 7 games,"same-side matchup; pitcher baseline 9.4% barrel, 16.9 HR allowed",fly-ball profile; pitcher allows elevated contact,,
592626,Joc Pederson,TEX,SD,2026-06-20T00:05:00Z,Warmup,1,Randy Vásquez,681190,R,L,9.71,0.1869,91.48,101.7341,0.4126,0.1698,0.3381,72.42,24.31,40.73,27.93,46.76,9.0,12.37,44.06,90.64,0.5195,0.235,30.0,12.5,12.5,12.5,Globe Life Field,100,74,0,None,Yes,Yes,1,Yes,No,MLB Stats API; RotoWire,,H:2026/2025 P:2026/2025,,,Direct BvP not yet weighted; 2026/2025 Statcast baseline active,7,5,17,1,"Last 7 games: 5/17, 1 HR","platoon edge; pitcher baseline 12.4% barrel, 12.5 HR allowed",neutral batted-ball profile; pitcher allows elevated contact,,
673962,Josh Jung,TEX,SD,2026-06-20T00:05:00Z,Warmup,2,Randy Vásquez,681190,R,R,6.27,0.1467,89.72,100.2198,0.435,0.1536,0.3362,70.72,8.21,39.86,21.96,46.14,9.8,12.37,44.06,90.64,0.5195,0.235,30.0,12.5,12.5,12.5,Globe Life Field,100,74,0,None,Yes,Yes,2,Yes,No,MLB Stats API; RotoWire,,H:2026/2025 P:2026/2025,,,Direct BvP not yet weighted; 2026/2025 Statcast baseline active,7,5,27,0,"Last 7 games: 5/27, 0 HR","same-side matchup; pitcher baseline 12.4% barrel, 12.5 HR allowed",neutral batted-ball profile; pitcher allows elevated contact,,
694671,Wyatt Langford,TEX,SD,2026-06-20T00:05:00Z,Warmup,3,Randy Vásquez,681190,R,R,8.61,0.1725,89.44,100.5285,0.3899,0.1554,0.3019,72.82,26.48,40.65,28.85,39.3,9.4,12.37,44.06,90.64,0.5195,0.235,30.0,12.5,12.5,12.5,Globe Life Field,100,74,0,None,Yes,Yes,3,Yes,No,MLB Stats API; RotoWire,,H:2026/2025 P:2026/2025,,,Direct BvP not yet weighted; 2026/2025 Statcast baseline active,7,9,29,2,Hot streak: 2 HR in last 7 games,"same-side matchup; pitcher baseline 12.4% barrel, 12.5 HR allowed",neutral batted-ball profile; pitcher allows elevated contact,,
607043,Brandon Nimmo,TEX,SD,2026-06-20T00:05:00Z,Warmup,4,Randy Vásquez,681190,R,L,10.06,0.1558,92.11,102.1959,0.475,0.2006,0.3546,72.44,26.92,31.0,27.52,51.67,12.4,12.37,44.06,90.64,0.5195,0.235,30.0,12.5,12.5,12.5,Globe Life Field,100,74,0,None,Yes,Yes,4,Yes,No,MLB Stats API; RotoWire,,H:2026/2025 P:2026/2025,,,Direct BvP not yet weighted; 2026/2025 Statcast baseline active,7,7,26,0,"Last 7 games: 7/26, 0 HR","platoon edge; pitcher baseline 12.4% barrel, 12.5 HR allowed",EV profile; pitcher allows elevated contact,,
677649,Ezequiel Duran,TEX,SD,2026-06-20T00:05:00Z,Warmup,5,Randy Vásquez,681190,R,R,4.77,0.1306,88.24,98.9704,0.3447,0.1006,0.2869,72.34,24.55,35.45,19.9,35.24,3.5,12.37,44.06,90.64,0.5195,0.235,30.0,12.5,12.5,12.5,Globe Life Field,100,74,0,None,Yes,Yes,5,Yes,No,MLB Stats API; RotoWire,,H:2026/2025 P:2026/2025,,,Direct BvP not yet weighted; 2026/2025 Statcast baseline active,7,5,28,1,"Last 7 games: 5/28, 1 HR","same-side matchup; pitcher baseline 12.4% barrel, 12.5 HR allowed",neutral batted-ball profile; pitcher allows elevated contact,,
696030,Alejandro Osuna,TEX,SD,2026-06-20T00:05:00Z,Warmup,6,Randy Vásquez,681190,R,L,1.8,0.0338,88.06,98.6714,0.3317,0.071,0.3214,71.83,24.59,26.8,12.5,33.64,0.6,12.37,44.06,90.64,0.5195,0.235,30.0,12.5,12.5,12.5,Globe Life Field,100,74,0,None,Yes,Yes,6,Yes,No,MLB Stats API; RotoWire,,H:2026/2025 P:2026/2025,,,Direct BvP not yet weighted; 2026/2025 Statcast baseline active,7,4,22,0,"Last 7 games: 4/22, 0 HR","platoon edge; pitcher baseline 12.4% barrel, 12.5 HR allowed",neutral batted-ball profile; pitcher allows elevated contact,,
669394,Jake Burger,TEX,SD,2026-06-20T00:05:00Z,Warmup,7,Randy Vásquez,681190,R,R,10.82,0.1837,90.05,102.7379,0.4234,0.1823,0.3107,74.95,53.57,41.88,25.8,46.82,13.2,12.37,44.06,90.64,0.5195,0.235,30.0,12.5,12.5,12.5,Globe Life Field,100,74,0,None,Yes,Yes,7,Yes,No,MLB Stats API; RotoWire,,H:2026/2025 P:2026/2025,,,Direct BvP not yet weighted; 2026/2025 Statcast baseline active,7,7,25,1,"Last 7 games: 7/25, 1 HR","same-side matchup; pitcher baseline 12.4% barrel, 12.5 HR allowed",neutral batted-ball profile; pitcher allows elevated contact,,
670032,Nicky Lopez,TEX,SD,2026-06-20T00:05:00Z,Warmup,8,Randy Vásquez,681190,R,L,0.0,0.0525,83.12,94.7087,0.269,0.0447,0.2547,66.58,0.75,34.64,14.52,26.63,0.7,12.37,44.06,90.64,0.5195,0.235,30.0,12.5,12.5,12.5,Globe Life Field,100,74,0,None,Yes,Yes,8,Yes,No,MLB Stats API; RotoWire,,H:2026/2025 P:2026/2025,,,Direct BvP not yet weighted; 2026/2025 Statcast baseline active,7,5,18,0,"Last 7 games: 5/18, 0 HR","platoon edge; pitcher baseline 12.4% barrel, 12.5 HR allowed",neutral batted-ball profile; pitcher allows elevated contact,,
553869,Elias Díaz,TEX,SD,2026-06-20T00:05:00Z,Warmup,9,Randy Vásquez,681190,R,R,8.86,0.2149,88.4,100.6165,0.3883,0.1373,0.2929,74.69,46.69,44.44,26.05,42.27,4.1,12.37,44.06,90.64,0.5195,0.235,30.0,12.5,12.5,12.5,Globe Life Field,100,74,0,None,Yes,Yes,9,Yes,No,MLB Stats API; RotoWire,,H:2026/2025 P:2026/2025,,,Direct BvP not yet weighted; 2026/2025 Statcast baseline active,7,6,14,0,Contact streak: 6/14 over last 7 games,"same-side matchup; pitcher baseline 12.4% barrel, 12.5 HR allowed",neutral batted-ball profile; pitcher allows elevated contact,,
683953,Travis Bazzana,CLE,HOU,2026-06-20T00:10:00Z,Warmup,1,Tatsuya Imai,837227,R,L,4.0,0.169,88.5,98.3762,0.37,0.131,0.32,69.5,13.0,39.7,31.7,36.3,5.0,8.7,45.7,90.5,0.392,0.159,21.7,5.0,5.0,5.0,Daikin Park,100,73,0,None,Yes,Yes,1,Yes,No,MLB Stats API; RotoWire,,H:2026 P:2026,,,Direct BvP not yet weighted; 2026/2025 Statcast baseline active,7,4,23,1,"Last 7 games: 4/23, 1 HR","platoon edge; pitcher baseline 8.7% barrel, 5.0 HR allowed",neutral batted-ball profile; pitcher fly-ball pressure modest,,
700932,Kyle Manzardo,CLE,HOU,2026-06-20T00:10:00Z,Warmup,2,Tatsuya Imai,837227,R,L,11.87,0.1832,89.39,99.6422,0.4129,0.1857,0.3213,70.18,8.0,43.55,33.34,43.17,13.7,8.7,45.7,90.5,0.392,0.159,21.7,5.0,5.0,5.0,Daikin Park,100,73,0,None,Yes,Yes,2,Yes,No,MLB Stats API; RotoWire,,H:2026/2025 P:2026,,,Direct BvP not yet weighted; 2026/2025 Statcast baseline active,7,6,20,1,"Last 7 games: 6/20, 1 HR","platoon edge; pitcher baseline 8.7% barrel, 5.0 HR allowed",neutral batted-ball profile; pitcher fly-ball pressure modest,,
677587,Brayan Rocchio,CLE,HOU,2026-06-20T00:10:00Z,Warmup,3,Tatsuya Imai,837227,R,S,3.09,0.1189,86.95,97.6497,0.3566,0.1081,0.3069,69.93,7.01,42.8,23.62,33.26,5.0,8.7,45.7,90.5,0.392,0.159,21.7,5.0,5.0,5.0,Daikin Park,100,73,0,None,Yes,Yes,3,Yes,No,MLB Stats API; RotoWire,,H:2026/2025 P:2026,,,Direct BvP not yet weighted; 2026/2025 Statcast baseline active,7,3,23,0,"Last 7 games: 3/23, 0 HR","switch hitter; pitcher baseline 8.7% barrel, 5.0 HR allowed",neutral batted-ball profile; pitcher fly-ball pressure modest,,
656555,Rhys Hoskins,CLE,HOU,2026-06-20T00:10:00Z,Warmup,4,Tatsuya Imai,837227,R,R,10.65,0.1776,88.8,99.7944,0.3316,0.1438,0.2993,71.77,18.0,56.02,30.84,42.27,7.8,8.7,45.7,90.5,0.392,0.159,21.7,5.0,5.0,5.0,Daikin Park,100,73,0,None,Yes,Yes,4,Yes,No,MLB Stats API; RotoWire,,H:2026/2025 P:2026,,,Direct BvP not yet weighted; 2026/2025 Statcast baseline active,7,3,28,0,"Last 7 games: 3/28, 0 HR","same-side matchup; pitcher baseline 8.7% barrel, 5.0 HR allowed",neutral batted-ball profile; pitcher fly-ball pressure modest,,
682177,Daniel Schneemann,CLE,HOU,2026-06-20T00:10:00Z,Warmup,5,Tatsuya Imai,837227,R,L,8.49,0.1466,88.06,98.9548,0.38,0.1534,0.3012,71.18,12.7,44.48,29.09,39.39,7.8,8.7,45.7,90.5,0.392,0.159,21.7,5.0,5.0,5.0,Daikin Park,100,73,0,None,Yes,Yes,5,Yes,No,MLB Stats API; RotoWire,,H:2026/2025 P:2026,,,Direct BvP not yet weighted; 2026/2025 Statcast baseline active,7,3,16,2,Hot streak: 2 HR in last 7 games,"platoon edge; pitcher baseline 8.7% barrel, 5.0 HR allowed",neutral batted-ball profile; pitcher fly-ball pressure modest,,
672356,Gabriel Arias,CLE,HOU,2026-06-20T00:10:00Z,Warmup,6,Tatsuya Imai,837227,R,R,12.49,0.1682,92.86,102.8328,0.3976,0.1682,0.2923,75.45,53.89,38.83,15.55,49.53,4.7,8.7,45.7,90.5,0.392,0.159,21.7,5.0,5.0,5.0,Daikin Park,100,73,0,None,Yes,Yes,6,Yes,No,MLB Stats API; RotoWire,,H:2026/2025 P:2026,,,Direct BvP not yet weighted; 2026/2025 Statcast baseline active,7,8,23,2,Hot streak: 2 HR in last 7 games,"same-side matchup; pitcher baseline 8.7% barrel, 5.0 HR allowed",EV profile; pitcher fly-ball pressure modest,,
696135,Kahlil Watson,CLE,HOU,2026-06-20T00:10:00Z,Warmup,7,Tatsuya Imai,837227,R,L,0.0,0.0,84.7,91.9467,0.202,0.037,0.156,72.6,40.0,0.0,0.0,0.0,0.0,8.7,45.7,90.5,0.392,0.159,21.7,5.0,5.0,5.0,Daikin Park,100,73,0,None,Yes,Yes,7,Yes,No,MLB Stats API; RotoWire,,H:2026 P:2026,,,Direct BvP not yet weighted; 2026/2025 Statcast baseline active,1,0,4,0,"Last 1 games: 0/4, 0 HR","platoon edge; pitcher baseline 8.7% barrel, 5.0 HR allowed",neutral batted-ball profile; pitcher fly-ball pressure modest,,
672275,Patrick Bailey,CLE,HOU,2026-06-20T00:10:00Z,Warmup,8,Tatsuya Imai,837227,R,S,6.65,0.0876,89.18,98.6977,0.3519,0.1377,0.2717,72.58,27.63,31.87,25.85,37.1,3.2,8.7,45.7,90.5,0.392,0.159,21.7,5.0,5.0,5.0,Daikin Park,100,73,0,None,Yes,Yes,8,Yes,No,MLB Stats API; RotoWire,,H:2026/2025 P:2026,,,Direct BvP not yet weighted; 2026/2025 Statcast baseline active,7,5,19,0,"Last 7 games: 5/19, 0 HR","switch hitter; pitcher baseline 8.7% barrel, 5.0 HR allowed",neutral batted-ball profile; pitcher fly-ball pressure modest,,
680757,Steven Kwan,CLE,HOU,2026-06-20T00:10:00Z,Warmup,9,Tatsuya Imai,837227,R,L,0.92,0.0635,84.03,92.382,0.3233,0.0699,0.3044,63.14,0.45,29.84,24.42,11.81,4.0,8.7,45.7,90.5,0.392,0.159,21.7,5.0,5.0,5.0,Daikin Park,100,73,0,None,Yes,Yes,9,Yes,No,MLB Stats API; RotoWire,,H:2026/2025 P:2026,,,Direct BvP not yet weighted; 2026/2025 Statcast baseline active,7,3,21,0,"Last 7 games: 3/21, 0 HR","platoon edge; pitcher baseline 8.7% barrel, 5.0 HR allowed",neutral batted-ball profile; pitcher fly-ball pressure modest,,
665161,Jeremy Peña,HOU,CLE,2026-06-20T00:10:00Z,Warmup,1,Tanner Bibee,676440,R,R,5.26,0.1471,87.15,99.2126,0.4397,0.1438,0.3494,72.23,13.18,47.81,26.32,37.72,7.9,9.64,42.55,89.97,0.4354,0.187,27.76,18.6,18.6,18.6,Daikin Park,100,73,0,None,Yes,Yes,1,Yes,No,MLB Stats API; RotoWire,,H:2026/2025 P:2026/2025,,,Direct BvP not yet weighted; 2026/2025 Statcast baseline active,7,7,26,1,"Last 7 games: 7/26, 1 HR","same-side matchup; pitcher baseline 9.6% barrel, 18.6 HR allowed",neutral batted-ball profile; pitcher fly-ball pressure modest,,
670541,Yordan Alvarez,HOU,CLE,2026-06-20T00:10:00Z,Warmup,2,Tanner Bibee,676440,R,L,17.23,0.269,94.56,105.2316,0.6743,0.3455,0.4581,75.96,60.34,41.09,35.54,53.53,18.6,9.64,42.55,89.97,0.4354,0.187,27.76,18.6,18.6,18.6,Daikin Park,100,73,0,None,Yes,Yes,2,Yes,No,MLB Stats API; RotoWire,,H:2026/2025 P:2026/2025,,,Direct BvP not yet weighted; 2026/2025 Statcast baseline active,7,12,31,2,Hot streak: 2 HR in last 7 games,"platoon edge; pitcher baseline 9.6% barrel, 18.6 HR allowed",lift-pull EV profile; pitcher fly-ball pressure modest,,
572233,Christian Walker,HOU,CLE,2026-06-20T00:10:00Z,Warmup,3,Tanner Bibee,676440,R,R,11.64,0.2292,90.62,102.0941,0.4231,0.1869,0.3154,74.17,41.83,42.83,28.91,45.89,20.7,9.64,42.55,89.97,0.4354,0.187,27.76,18.6,18.6,18.6,Daikin Park,100,73,0,None,Yes,Yes,3,Yes,No,MLB Stats API; RotoWire,,H:2026/2025 P:2026/2025,,,Direct BvP not yet weighted; 2026/2025 Statcast baseline active,7,6,28,2,Hot streak: 2 HR in last 7 games,"same-side matchup; pitcher baseline 9.6% barrel, 18.6 HR allowed",neutral batted-ball profile; pitcher fly-ball pressure modest,,
670623,Isaac Paredes,HOU,CLE,2026-06-20T00:10:00Z,Warmup,4,Tanner Bibee,676440,R,R,6.86,0.1872,87.12,97.4916,0.3765,0.139,0.3235,68.02,7.19,55.64,31.57,32.34,13.0,9.64,42.55,89.97,0.4354,0.187,27.76,18.6,18.6,18.6,Daikin Park,100,73,0,None,Yes,Yes,4,Yes,No,MLB Stats API; RotoWire,,H:2026/2025 P:2026/2025,,,Direct BvP not yet weighted; 2026/2025 Statcast baseline active,7,3,20,1,"Last 7 games: 3/20, 1 HR","same-side matchup; pitcher baseline 9.6% barrel, 18.6 HR allowed",neutral batted-ball profile; pitcher fly-ball pressure modest,,
514888,Jose Altuve,HOU,CLE,2026-06-20T00:10:00Z,Warmup,5,Tanner Bibee,676440,R,R,6.48,0.1609,85.66,97.7239,0.363,0.1281,0.2972,69.21,9.74,46.41,20.83,33.98,12.7,9.64,42.55,89.97,0.4354,0.187,27.76,18.6,18.6,18.6,Daikin Park,100,73,0,None,Yes,Yes,5,Yes,No,MLB Stats API; RotoWire,,H:2026/2025 P:2026/2025,,,Direct BvP not yet weighted; 2026/2025 Statcast baseline active,7,4,26,2,Hot streak: 2 HR in last 7 games,"same-side matchup; pitcher baseline 9.6% barrel, 18.6 HR allowed",neutral batted-ball profile; pitcher fly-ball pressure modest,,
673237,Yainer Diaz,HOU,CLE,2026-06-20T00:10:00Z,Warmup,6,Tanner Bibee,676440,R,R,5.19,0.1225,88.22,98.8199,0.3677,0.1186,0.2826,72.27,17.74,31.24,19.45,32.12,7.4,9.64,42.55,89.97,0.4354,0.187,27.76,18.6,18.6,18.6,Daikin Park,100,73,0,None,Yes,Yes,6,Yes,No,MLB Stats API; RotoWire,,H:2026/2025 P:2026/2025,,,Direct BvP not yet weighted; 2026/2025 Statcast baseline active,7,8,25,0,Contact streak: 8/25 over last 7 games,"same-side matchup; pitcher baseline 9.6% barrel, 18.6 HR allowed",neutral batted-ball profile; pitcher fly-ball pressure modest,,
701358,Cam Smith,HOU,CLE,2026-06-20T00:10:00Z,Warmup,7,Tanner Bibee,676440,R,R,10.82,0.1346,89.3,101.9433,0.4236,0.1774,0.3271,76.32,64.75,33.99,24.65,44.65,7.6,9.64,42.55,89.97,0.4354,0.187,27.76,18.6,18.6,18.6,Daikin Park,100,73,0,None,Yes,Yes,7,Yes,No,MLB Stats API; RotoWire,,H:2026/2025 P:2026/2025,,,Direct BvP not yet weighted; 2026/2025 Statcast baseline active,7,7,28,1,"Last 7 games: 7/28, 1 HR","same-side matchup; pitcher baseline 9.6% barrel, 18.6 HR allowed",neutral batted-ball profile; pitcher fly-ball pressure modest,,
694388,Joey Loperfido,HOU,CLE,2026-06-20T00:10:00Z,Warmup,8,Tanner Bibee,676440,R,L,5.84,0.1082,88.77,98.4152,0.3447,0.106,0.3041,72.28,23.45,28.14,21.12,35.84,1.2,9.64,42.55,89.97,0.4354,0.187,27.76,18.6,18.6,18.6,Daikin Park,100,73,0,None,Yes,Yes,8,Yes,No,MLB Stats API; RotoWire,,H:2026/2025 P:2026/2025,,,Direct BvP not yet weighted; 2026/2025 Statcast baseline active,7,1,14,0,"Last 7 games: 1/14, 0 HR","platoon edge; pitcher baseline 9.6% barrel, 18.6 HR allowed",neutral batted-ball profile; pitcher fly-ball pressure modest,,
676694,Jake Meyers,HOU,CLE,2026-06-20T00:10:00Z,Warmup,9,Tanner Bibee,676440,R,R,6.19,0.1055,86.49,96.7557,0.3477,0.1249,0.2809,67.63,5.07,36.8,26.56,30.57,3.0,9.64,42.55,89.97,0.4354,0.187,27.76,18.6,18.6,18.6,Daikin Park,100,73,0,None,Yes,Yes,9,Yes,No,MLB Stats API; RotoWire,,H:2026/2025 P:2026/2025,,,Direct BvP not yet weighted; 2026/2025 Statcast baseline active,7,3,15,1,"Last 7 games: 3/15, 1 HR","same-side matchup; pitcher baseline 9.6% barrel, 18.6 HR allowed",neutral batted-ball profile; pitcher fly-ball pressure modest,,
802139,JJ Wetherholt,STL,KC,2026-06-20T00:15:00Z,Warmup,1,Seth Lugo,607625,R,L,7.8,0.142,90.3,99.7258,0.451,0.189,0.361,72.6,24.4,40.6,31.1,46.1,10.0,11.17,43.03,90.35,0.4863,0.2142,30.23,13.0,13.0,13.0,Kauffman Stadium,92,84,6,R To L,Yes,Yes,1,Yes,No,MLB Stats API; RotoWire,,H:2026 P:2026/2025,,,Direct BvP not yet weighted; 2026/2025 Statcast baseline active,7,11,25,1,Contact streak: 11/25 over last 7 games,"platoon edge; pitcher baseline 11.2% barrel, 13.0 HR allowed",neutral batted-ball profile; pitcher allows elevated contact,,
671056,Iván Herrera,STL,KC,2026-06-20T00:15:00Z,Warmup,2,Seth Lugo,607625,R,R,8.16,0.1639,90.08,101.42,0.4385,0.1712,0.3682,74.26,45.81,37.66,19.45,43.5,12.0,11.17,43.03,90.35,0.4863,0.2142,30.23,13.0,13.0,13.0,Kauffman Stadium,92,84,6,R To L,Yes,Yes,2,Yes,No,MLB Stats API; RotoWire,,H:2026/2025 P:2026/2025,,,Direct BvP not yet weighted; 2026/2025 Statcast baseline active,7,5,24,2,Hot streak: 2 HR in last 7 games,"same-side matchup; pitcher baseline 11.2% barrel, 13.0 HR allowed",neutral batted-ball profile; pitcher allows elevated contact,,
676475,Alec Burleson,STL,KC,2026-06-20T00:15:00Z,Warmup,3,Seth Lugo,607625,R,L,10.83,0.1907,91.35,101.592,0.5284,0.2403,0.3751,72.68,27.1,42.7,29.5,46.15,14.5,11.17,43.03,90.35,0.4863,0.2142,30.23,13.0,13.0,13.0,Kauffman Stadium,92,84,6,R To L,Yes,Yes,3,Yes,No,MLB Stats API; RotoWire,,H:2026/2025 P:2026/2025,,,Direct BvP not yet weighted; 2026/2025 Statcast baseline active,7,6,29,2,Hot streak: 2 HR in last 7 games,"platoon edge; pitcher baseline 11.2% barrel, 13.0 HR allowed",neutral batted-ball profile; pitcher allows elevated contact,,
691023,Jordan Walker,STL,KC,2026-06-20T00:15:00Z,Warmup,4,Seth Lugo,607625,R,R,13.0,0.1995,94.05,105.4108,0.4722,0.2103,0.3424,78.8,83.4,37.82,25.17,52.38,14.4,11.17,43.03,90.35,0.4863,0.2142,30.23,13.0,13.0,13.0,Kauffman Stadium,92,84,6,R To L,Yes,Yes,4,Yes,No,MLB Stats API; RotoWire,,H:2026/2025 P:2026/2025,,,Direct BvP not yet weighted; 2026/2025 Statcast baseline active,7,6,30,1,"Last 7 games: 6/30, 1 HR","same-side matchup; pitcher baseline 11.2% barrel, 13.0 HR allowed",EV profile; pitcher allows elevated contact,,
663457,Lars Nootbaar,STL,KC,2026-06-20T00:15:00Z,Warmup,5,Seth Lugo,607625,R,L,12.72,0.1746,94.1,102.7071,0.4917,0.2348,0.3576,74.1,46.34,34.29,29.53,58.47,5.3,11.17,43.03,90.35,0.4863,0.2142,30.23,13.0,13.0,13.0,Kauffman Stadium,92,84,6,R To L,Yes,Yes,5,Yes,No,MLB Stats API; RotoWire,,H:2026/2025 P:2026/2025,,,Direct BvP not yet weighted; 2026/2025 Statcast baseline active,7,8,23,1,Contact streak: 8/23 over last 7 games,"platoon edge; pitcher baseline 11.2% barrel, 13.0 HR allowed",EV profile; pitcher allows elevated contact,,
691026,Masyn Winn,STL,KC,2026-06-20T00:15:00Z,Warmup,6,Seth Lugo,607625,R,R,3.61,0.0904,87.67,98.4993,0.3372,0.0825,0.3021,70.61,11.7,31.62,18.17,33.62,4.1,11.17,43.03,90.35,0.4863,0.2142,30.23,13.0,13.0,13.0,Kauffman Stadium,92,84,6,R To L,Yes,Yes,6,Yes,No,MLB Stats API; RotoWire,,H:2026/2025 P:2026/2025,,,Direct BvP not yet weighted; 2026/2025 Statcast baseline active,7,8,24,0,Contact streak: 8/24 over last 7 games,"same-side matchup; pitcher baseline 11.2% barrel, 13.0 HR allowed",neutral batted-ball profile; pitcher allows elevated contact,,
699625,Jimmy Crooks,STL,KC,2026-06-20T00:15:00Z,Warmup,7,Seth Lugo,607625,R,L,8.22,0.139,91.07,100.3114,0.4191,0.1788,0.3196,71.34,16.85,29.86,35.07,45.25,1.0,11.17,43.03,90.35,0.4863,0.2142,30.23,13.0,13.0,13.0,Kauffman Stadium,92,84,6,R To L,Yes,Yes,7,Yes,No,MLB Stats API; RotoWire,,H:2026/2025 P:2026/2025,,,Direct BvP not yet weighted; 2026/2025 Statcast baseline active,7,3,19,1,"Last 7 games: 3/19, 1 HR","platoon edge; pitcher baseline 11.2% barrel, 13.0 HR allowed",fly-ball profile; pitcher allows elevated contact,,
691458,Blaze Jordan,STL,KC,2026-06-20T00:15:00Z,Warmup,8,Seth Lugo,607625,R,R,8.3,0.269,91.1,100.1895,0.421,0.17,0.303,73.9,43.9,45.8,16.7,50.0,1.0,11.17,43.03,90.35,0.4863,0.2142,30.23,13.0,13.0,13.0,Kauffman Stadium,92,84,6,R To L,Yes,Yes,8,Yes,No,MLB Stats API; RotoWire,,H:2026 P:2026/2025,,,Direct BvP not yet weighted; 2026/2025 Statcast baseline active,7,8,26,1,"Last 7 games: 8/26, 1 HR","same-side matchup; pitcher baseline 11.2% barrel, 13.0 HR allowed",neutral batted-ball profile; pitcher allows elevated contact,,
701675,Nathan Church,STL,KC,2026-06-20T00:15:00Z,Warmup,9,Seth Lugo,607625,R,L,7.02,0.1137,86.76,97.881,0.3518,0.1242,0.2785,69.84,8.69,34.99,18.94,34.36,3.8,11.17,43.03,90.35,0.4863,0.2142,30.23,13.0,13.0,13.0,Kauffman Stadium,92,84,6,R To L,Yes,Yes,9,Yes,No,MLB Stats API; RotoWire,,H:2026/2025 P:2026/2025,,,Direct BvP not yet weighted; 2026/2025 Statcast baseline active,7,5,16,0,"Last 7 games: 5/16, 0 HR","platoon edge; pitcher baseline 11.2% barrel, 13.0 HR allowed",neutral batted-ball profile; pitcher allows elevated contact,,
695600,Carter Jensen,KC,STL,2026-06-20T00:15:00Z,Warmup,1,Michael McGreevy,700241,R,L,12.26,0.2052,92.32,103.0817,0.4384,0.1885,0.3322,74.41,41.41,41.14,28.46,48.22,7.2,9.36,40.59,89.8,0.4941,0.2082,25.64,11.3,11.3,11.3,Kauffman Stadium,92,84,6,R To L,Yes,Yes,1,Yes,No,MLB Stats API; RotoWire,,H:2026/2025 P:2026/2025,,,Direct BvP not yet weighted; 2026/2025 Statcast baseline active,7,12,30,1,Contact streak: 12/30 over last 7 games,"platoon edge; pitcher baseline 9.4% barrel, 11.3 HR allowed",EV profile; pitcher fly-ball pressure modest,,
657041,Lane Thomas,KC,STL,2026-06-20T00:15:00Z,Warmup,2,Michael McGreevy,700241,R,R,5.08,0.126,87.38,98.3226,0.3273,0.1152,0.299,72.21,20.56,39.46,30.69,34.94,4.7,9.36,40.59,89.8,0.4941,0.2082,25.64,11.3,11.3,11.3,Kauffman Stadium,92,84,6,R To L,Yes,Yes,2,Yes,No,MLB Stats API; RotoWire,,H:2026/2025 P:2026/2025,,,Direct BvP not yet weighted; 2026/2025 Statcast baseline active,7,6,24,3,Hot streak: 3 HR in last 7 games,"same-side matchup; pitcher baseline 9.4% barrel, 11.3 HR allowed",neutral batted-ball profile; pitcher fly-ball pressure modest,,
695506,Jac Caglianone,KC,STL,2026-06-20T00:15:00Z,Warmup,3,Michael McGreevy,700241,R,L,13.75,0.1625,92.2,105.0618,0.4639,0.2031,0.3462,77.05,72.38,40.78,22.82,52.34,8.4,9.36,40.59,89.8,0.4941,0.2082,25.64,11.3,11.3,11.3,Kauffman Stadium,92,84,6,R To L,Yes,Yes,3,Yes,No,MLB Stats API; RotoWire,,H:2026/2025 P:2026/2025,,,Direct BvP not yet weighted; 2026/2025 Statcast baseline active,7,5,29,1,"Last 7 games: 5/29, 1 HR","platoon edge; pitcher baseline 9.4% barrel, 11.3 HR allowed",EV profile; pitcher fly-ball pressure modest,,
521692,Salvador Perez,KC,STL,2026-06-20T00:15:00Z,Warmup,4,Michael McGreevy,700241,R,R,10.74,0.1575,89.16,100.5574,0.436,0.196,0.3101,71.92,20.91,41.42,30.5,42.92,16.0,9.36,40.59,89.8,0.4941,0.2082,25.64,11.3,11.3,11.3,Kauffman Stadium,92,84,6,R To L,Yes,Yes,4,Yes,No,MLB Stats API; RotoWire,,H:2026/2025 P:2026/2025,,,Direct BvP not yet weighted; 2026/2025 Statcast baseline active,7,9,31,1,"Last 7 games: 9/31, 1 HR","same-side matchup; pitcher baseline 9.4% barrel, 11.3 HR allowed",neutral batted-ball profile; pitcher fly-ball pressure modest,,
686681,Michael Massey,KC,STL,2026-06-20T00:15:00Z,Warmup,5,Michael McGreevy,700241,R,L,7.22,0.1614,90.02,98.941,0.4006,0.1717,0.2832,71.5,12.5,44.04,38.43,39.58,5.8,9.36,40.59,89.8,0.4941,0.2082,25.64,11.3,11.3,11.3,Kauffman Stadium,92,84,6,R To L,Yes,Yes,5,Yes,No,MLB Stats API; RotoWire,,H:2026/2025 P:2026/2025,,,Direct BvP not yet weighted; 2026/2025 Statcast baseline active,7,5,23,1,"Last 7 games: 5/23, 1 HR","platoon edge; pitcher baseline 9.4% barrel, 11.3 HR allowed",fly-ball profile; pitcher fly-ball pressure modest,,
679845,Nick Loftin,KC,STL,2026-06-20T00:15:00Z,Warmup,6,Michael McGreevy,700241,R,R,6.23,0.1532,87.57,97.3509,0.3562,0.1179,0.3108,68.84,4.36,39.95,25.77,34.0,1.9,9.36,40.59,89.8,0.4941,0.2082,25.64,11.3,11.3,11.3,Kauffman Stadium,92,84,6,R To L,Yes,Yes,6,Yes,No,MLB Stats API; RotoWire,,H:2026/2025 P:2026/2025,,,Direct BvP not yet weighted; 2026/2025 Statcast baseline active,7,7,23,0,"Last 7 games: 7/23, 0 HR","same-side matchup; pitcher baseline 9.4% barrel, 11.3 HR allowed",neutral batted-ball profile; pitcher fly-ball pressure modest,,
670231,John Rave,KC,STL,2026-06-20T00:15:00Z,Warmup,7,Michael McGreevy,700241,R,L,48.34,0.9083,96.84,103.2702,0.8649,0.5217,0.533,75.58,81.37,59.5,54.04,58.69,1.9,9.36,40.59,89.8,0.4941,0.2082,25.64,11.3,11.3,11.3,Kauffman Stadium,92,84,6,R To L,Yes,Yes,7,Yes,No,MLB Stats API; RotoWire,,H:2026/2025 P:2026/2025,,,Direct BvP not yet weighted; 2026/2025 Statcast baseline active,2,2,4,1,Contact streak: 2/4 over last 2 games,"platoon edge; pitcher baseline 9.4% barrel, 11.3 HR allowed",lift-pull EV profile; pitcher fly-ball pressure modest,,
686555,Isaac Collins,KC,STL,2026-06-20T00:15:00Z,Warmup,8,Michael McGreevy,700241,R,S,6.09,0.1053,88.59,99.8539,0.3303,0.0969,0.3122,73.33,31.46,43.62,27.28,39.32,4.8,9.36,40.59,89.8,0.4941,0.2082,25.64,11.3,11.3,11.3,Kauffman Stadium,92,84,6,R To L,Yes,Yes,8,Yes,No,MLB Stats API; RotoWire,,H:2026/2025 P:2026/2025,,,Direct BvP not yet weighted; 2026/2025 Statcast baseline active,7,6,21,0,"Last 7 games: 6/21, 0 HR","switch hitter; pitcher baseline 9.4% barrel, 11.3 HR allowed",neutral batted-ball profile; pitcher fly-ball pressure modest,,
686475,Tyler Tolbert,KC,STL,2026-06-20T00:15:00Z,Warmup,9,Michael McGreevy,700241,R,R,0.72,0.03,81.93,94.9882,0.2695,0.0417,0.2808,69.28,3.64,37.3,7.86,32.43,0.3,9.36,40.59,89.8,0.4941,0.2082,25.64,11.3,11.3,11.3,Kauffman Stadium,92,84,6,R To L,Yes,Yes,9,Yes,No,MLB Stats API; RotoWire,,H:2026/2025 P:2026/2025,,,Direct BvP not yet weighted; 2026/2025 Statcast baseline active,7,2,10,0,"Last 7 games: 2/10, 0 HR","same-side matchup; pitcher baseline 9.4% barrel, 11.3 HR allowed",neutral batted-ball profile; pitcher fly-ball pressure modest,,
687462,Spencer Horwitz,PIT,COL,2026-06-20T00:40:00Z,Pre-Game,1,Kyle Freeland,607536,L,L,8.58,0.1711,86.84,97.6842,0.3888,0.1528,0.3323,68.85,5.98,39.1,27.7,34.46,9.6,9.19,45.69,91.03,0.4933,0.191,28.38,16.4,16.4,16.4,Coors Field,120,86,8,R To L,Yes,Yes,1,Yes,No,MLB Stats API; RotoWire,,H:2026/2025 P:2026/2025,,,Direct BvP not yet weighted; 2026/2025 Statcast baseline active,7,6,27,0,"Last 7 games: 6/27, 0 HR","same-side matchup; pitcher baseline 9.2% barrel, 16.4 HR allowed",neutral batted-ball profile; pitcher fly-ball pressure modest,,
693304,Nick Gonzales,PIT,COL,2026-06-20T00:40:00Z,Pre-Game,2,Kyle Freeland,607536,L,R,3.31,0.0768,86.7,98.5046,0.3855,0.1035,0.3162,70.5,12.03,40.79,20.42,37.54,2.9,9.19,45.69,91.03,0.4933,0.191,28.38,16.4,16.4,16.4,Coors Field,120,86,8,R To L,Yes,Yes,2,Yes,No,MLB Stats API; RotoWire,,H:2026/2025 P:2026/2025,,,Direct BvP not yet weighted; 2026/2025 Statcast baseline active,7,7,29,0,"Last 7 games: 7/29, 0 HR","platoon edge; pitcher baseline 9.2% barrel, 16.4 HR allowed",neutral batted-ball profile; pitcher fly-ball pressure modest,,
668804,Bryan Reynolds,PIT,COL,2026-06-20T00:40:00Z,Pre-Game,3,Kyle Freeland,607536,L,S,10.31,0.1794,91.27,102.2131,0.4547,0.1918,0.3625,72.69,29.21,40.78,24.06,46.0,11.8,9.19,45.69,91.03,0.4933,0.191,28.38,16.4,16.4,16.4,Coors Field,120,86,8,R To L,Yes,Yes,3,Yes,No,MLB Stats API; RotoWire,,H:2026/2025 P:2026/2025,,,Direct BvP not yet weighted; 2026/2025 Statcast baseline active,7,12,29,3,Hot streak: 3 HR in last 7 games,"switch hitter; pitcher baseline 9.2% barrel, 16.4 HR allowed",neutral batted-ball profile; pitcher fly-ball pressure modest,,
656811,Ryan O'Hearn,PIT,COL,2026-06-20T00:40:00Z,Pre-Game,4,Kyle Freeland,607536,L,L,6.83,0.1763,89.82,99.6333,0.4227,0.1586,0.3325,71.03,11.99,36.91,28.01,44.25,12.8,9.19,45.69,91.03,0.4933,0.191,28.38,16.4,16.4,16.4,Coors Field,120,86,8,R To L,Yes,Yes,4,Yes,No,MLB Stats API; RotoWire,,H:2026/2025 P:2026/2025,,,Direct BvP not yet weighted; 2026/2025 Statcast baseline active,7,10,30,1,Contact streak: 10/30 over last 7 games,"same-side matchup; pitcher baseline 9.2% barrel, 16.4 HR allowed",neutral batted-ball profile; pitcher fly-ball pressure modest,,
542303,Marcell Ozuna,PIT,COL,2026-06-20T00:40:00Z,Pre-Game,5,Kyle Freeland,607536,L,R,9.54,0.1344,89.55,100.206,0.4186,0.188,0.3232,73.25,34.4,39.82,30.22,40.33,10.5,9.19,45.69,91.03,0.4933,0.191,28.38,16.4,16.4,16.4,Coors Field,120,86,8,R To L,Yes,Yes,5,Yes,No,MLB Stats API; RotoWire,,H:2026/2025 P:2026/2025,,,Direct BvP not yet weighted; 2026/2025 Statcast baseline active,7,7,24,1,"Last 7 games: 7/24, 1 HR","platoon edge; pitcher baseline 9.2% barrel, 16.4 HR allowed",neutral batted-ball profile; pitcher fly-ball pressure modest,,
664040,Brandon Lowe,PIT,COL,2026-06-20T00:40:00Z,Pre-Game,6,Kyle Freeland,607536,L,L,12.3,0.2553,90.26,101.3668,0.4752,0.2275,0.3448,73.55,38.51,45.18,33.13,44.78,21.9,9.19,45.69,91.03,0.4933,0.191,28.38,16.4,16.4,16.4,Coors Field,120,86,8,R To L,Yes,Yes,6,Yes,No,MLB Stats API; RotoWire,,H:2026/2025 P:2026/2025,,,Direct BvP not yet weighted; 2026/2025 Statcast baseline active,7,5,29,3,Hot streak: 3 HR in last 7 games,"same-side matchup; pitcher baseline 9.2% barrel, 16.4 HR allowed",neutral batted-ball profile; pitcher fly-ball pressure modest,,
682848,Endy Rodríguez,PIT,COL,2026-06-20T00:40:00Z,Pre-Game,7,Kyle Freeland,607536,L,S,10.58,0.1631,92.06,99.8016,0.4055,0.1736,0.3393,71.99,19.61,41.87,33.08,42.74,2.1,9.19,45.69,91.03,0.4933,0.191,28.38,16.4,16.4,16.4,Coors Field,120,86,8,R To L,Yes,Yes,7,Yes,No,MLB Stats API; RotoWire,,H:2026/2025 P:2026/2025,,,Direct BvP not yet weighted; 2026/2025 Statcast baseline active,7,6,18,2,Hot streak: 2 HR in last 7 games,"switch hitter; pitcher baseline 9.2% barrel, 16.4 HR allowed",lift-pull EV profile; pitcher fly-ball pressure modest,,
669707,Jared Triolo,PIT,COL,2026-06-20T00:40:00Z,Pre-Game,8,Kyle Freeland,607536,L,R,2.63,0.0611,87.81,98.5999,0.3186,0.0838,0.2841,70.97,9.26,32.25,23.76,36.38,2.1,9.19,45.69,91.03,0.4933,0.191,28.38,16.4,16.4,16.4,Coors Field,120,86,8,R To L,Yes,Yes,8,Yes,No,MLB Stats API; RotoWire,,H:2026/2025 P:2026/2025,,,Direct BvP not yet weighted; 2026/2025 Statcast baseline active,7,6,25,0,"Last 7 games: 6/25, 0 HR","platoon edge; pitcher baseline 9.2% barrel, 16.4 HR allowed",neutral batted-ball profile; pitcher fly-ball pressure modest,,
695257,Billy Cook,PIT,COL,2026-06-20T00:40:00Z,Pre-Game,9,Kyle Freeland,607536,L,R,0.0,0.0,84.19,93.5949,0.2616,0.0423,0.2126,71.82,21.0,24.99,26.98,22.01,0.0,9.19,45.69,91.03,0.4933,0.191,28.38,16.4,16.4,16.4,Coors Field,120,86,8,R To L,Yes,Yes,9,Yes,No,MLB Stats API; RotoWire,,H:2026/2025 P:2026/2025,,,Direct BvP not yet weighted; 2026/2025 Statcast baseline active,7,0,1,0,"Last 7 games: 0/1, 0 HR","platoon edge; pitcher baseline 9.2% barrel, 16.4 HR allowed",neutral batted-ball profile; pitcher fly-ball pressure modest,,
664983,Jake McCarthy,COL,PIT,2026-06-20T00:40:00Z,Pre-Game,1,Bubba Chandler,696149,R,L,5.3,0.1508,84.84,96.0599,0.388,0.1308,0.3056,70.71,12.35,37.24,22.99,25.64,4.0,8.0,37.41,89.85,0.3933,0.1665,27.77,6.2,6.2,6.2,Coors Field,120,86,8,R To L,Yes,Yes,1,Yes,No,MLB Stats API; RotoWire,,H:2026/2025 P:2026/2025,,,Direct BvP not yet weighted; 2026/2025 Statcast baseline active,7,8,26,0,"Last 7 games: 8/26, 0 HR","platoon edge; pitcher baseline 8.0% barrel, 6.2 HR allowed",neutral batted-ball profile; pitcher fly-ball pressure modest,,
650489,Willi Castro,COL,PIT,2026-06-20T00:40:00Z,Pre-Game,2,Bubba Chandler,696149,R,S,6.01,0.1295,88.03,100.0204,0.3638,0.1316,0.3032,72.44,24.04,43.44,30.76,41.08,6.8,8.0,37.41,89.85,0.3933,0.1665,27.77,6.2,6.2,6.2,Coors Field,120,86,8,R To L,Yes,Yes,2,Yes,No,MLB Stats API; RotoWire,,H:2026/2025 P:2026/2025,,,Direct BvP not yet weighted; 2026/2025 Statcast baseline active,7,10,25,2,Hot streak: 2 HR in last 7 games,"switch hitter; pitcher baseline 8.0% barrel, 6.2 HR allowed",neutral batted-ball profile; pitcher fly-ball pressure modest,,
696100,Hunter Goodman,COL,PIT,2026-06-20T00:40:00Z,Pre-Game,3,Bubba Chandler,696149,R,R,15.28,0.2721,90.94,102.8431,0.4611,0.2245,0.3275,75.03,49.77,50.45,31.92,46.55,24.0,8.0,37.41,89.85,0.3933,0.1665,27.77,6.2,6.2,6.2,Coors Field,120,86,8,R To L,Yes,Yes,3,Yes,No,MLB Stats API; RotoWire,,H:2026/2025 P:2026/2025,,,Direct BvP not yet weighted; 2026/2025 Statcast baseline active,7,8,30,3,Hot streak: 3 HR in last 7 games,"same-side matchup; pitcher baseline 8.0% barrel, 6.2 HR allowed",neutral batted-ball profile; pitcher fly-ball pressure modest,,
681198,TJ Rumfield,COL,PIT,2026-06-20T00:40:00Z,Pre-Game,4,Bubba Chandler,696149,R,L,6.5,0.188,84.7,97.337,0.397,0.147,0.324,69.1,9.9,47.2,27.3,32.9,10.0,8.0,37.41,89.85,0.3933,0.1665,27.77,6.2,6.2,6.2,Coors Field,120,86,8,R To L,Yes,Yes,4,Yes,No,MLB Stats API; RotoWire,,H:2026 P:2026/2025,,,Direct BvP not yet weighted; 2026/2025 Statcast baseline active,7,9,28,2,Hot streak: 2 HR in last 7 games,"platoon edge; pitcher baseline 8.0% barrel, 6.2 HR allowed",neutral batted-ball profile; pitcher fly-ball pressure modest,,
671289,Tyler Freeman,COL,PIT,2026-06-20T00:40:00Z,Pre-Game,5,Bubba Chandler,696149,R,R,1.61,0.0947,88.42,98.5955,0.3635,0.088,0.3236,70.67,12.01,36.68,19.75,36.62,2.7,8.0,37.41,89.85,0.3933,0.1665,27.77,6.2,6.2,6.2,Coors Field,120,86,8,R To L,Yes,Yes,5,Yes,No,MLB Stats API; RotoWire,,H:2026/2025 P:2026/2025,,,Direct BvP not yet weighted; 2026/2025 Statcast baseline active,7,5,25,1,"Last 7 games: 5/25, 1 HR","same-side matchup; pitcher baseline 8.0% barrel, 6.2 HR allowed",neutral batted-ball profile; pitcher fly-ball pressure modest,,
694249,Cole Carrigg,COL,PIT,2026-06-20T00:40:00Z,Pre-Game,6,Bubba Chandler,696149,R,S,12.5,0.333,83.7,98.2878,0.403,0.205,0.314,74.3,43.2,54.2,33.3,37.5,3.0,8.0,37.41,89.85,0.3933,0.1665,27.77,6.2,6.2,6.2,Coors Field,120,86,8,R To L,Yes,Yes,6,Yes,No,MLB Stats API; RotoWire,,H:2026 P:2026/2025,,,Direct BvP not yet weighted; 2026/2025 Statcast baseline active,7,6,26,3,Hot streak: 3 HR in last 7 games,"switch hitter; pitcher baseline 8.0% barrel, 6.2 HR allowed",neutral batted-ball profile; pitcher fly-ball pressure modest,,
694514,Sterlin Thompson,COL,PIT,2026-06-20T00:40:00Z,Pre-Game,7,Bubba Chandler,696149,R,L,4.5,0.161,87.1,100.2645,0.343,0.121,0.29,75.6,57.1,45.5,22.7,43.2,2.0,8.0,37.41,89.85,0.3933,0.1665,27.77,6.2,6.2,6.2,Coors Field,120,86,8,R To L,Yes,Yes,7,Yes,No,MLB Stats API; RotoWire,,H:2026 P:2026/2025,,,Direct BvP not yet weighted; 2026/2025 Statcast baseline active,7,5,18,2,Hot streak: 2 HR in last 7 games,"platoon edge; pitcher baseline 8.0% barrel, 6.2 HR allowed",neutral batted-ball profile; pitcher fly-ball pressure modest,,
678662,Ezequiel Tovar,COL,PIT,2026-06-20T00:40:00Z,Pre-Game,8,Bubba Chandler,696149,R,R,8.39,0.126,88.42,99.3682,0.4032,0.166,0.298,71.81,19.24,37.05,31.04,36.45,6.2,8.0,37.41,89.85,0.3933,0.1665,27.77,6.2,6.2,6.2,Coors Field,120,86,8,R To L,Yes,Yes,8,Yes,No,MLB Stats API; RotoWire,,H:2026/2025 P:2026/2025,,,Direct BvP not yet weighted; 2026/2025 Statcast baseline active,7,6,27,1,"Last 7 games: 6/27, 1 HR","same-side matchup; pitcher baseline 8.0% barrel, 6.2 HR allowed",neutral batted-ball profile; pitcher fly-ball pressure modest,,
691720,Kyle Karros,COL,PIT,2026-06-20T00:40:00Z,Pre-Game,9,Bubba Chandler,696149,R,R,5.55,0.1021,88.88,99.5628,0.3558,0.111,0.3147,69.87,4.67,38.38,22.24,40.56,3.1,8.0,37.41,89.85,0.3933,0.1665,27.77,6.2,6.2,6.2,Coors Field,120,86,8,R To L,Yes,Yes,9,Yes,No,MLB Stats API; RotoWire,,H:2026/2025 P:2026/2025,,,Direct BvP not yet weighted; 2026/2025 Statcast baseline active,7,9,21,1,Contact streak: 9/21 over last 7 games,"same-side matchup; pitcher baseline 8.0% barrel, 6.2 HR allowed",neutral batted-ball profile; pitcher fly-ball pressure modest,,
687263,Zach Neto,LAA,ATH,2026-06-20T01:40:00Z,Pre-Game,1,Jeffrey Springs,605488,L,R,13.37,0.2177,90.23,99.9205,0.4418,0.2223,0.3279,70.91,10.22,48.74,36.08,40.37,18.3,9.01,36.39,87.88,0.4275,0.1827,31.53,21.7,21.7,21.7,Sutter Health Park,106,80,11,Out To CF,Yes,Yes,1,Yes,No,MLB Stats API; RotoWire,,H:2026/2025 P:2026/2025,,,Direct BvP not yet weighted; 2026/2025 Statcast baseline active,7,6,31,2,Hot streak: 2 HR in last 7 games,"platoon edge; pitcher baseline 9.0% barrel, 21.7 HR allowed",fly-ball profile; pitcher allows elevated contact,,
694384,Nolan Schanuel,LAA,ATH,2026-06-20T01:40:00Z,Pre-Game,2,Jeffrey Springs,605488,L,L,3.31,0.1159,87.29,97.0178,0.3768,0.1099,0.3193,67.85,6.45,40.1,19.75,30.82,6.4,9.01,36.39,87.88,0.4275,0.1827,31.53,21.7,21.7,21.7,Sutter Health Park,106,80,11,Out To CF,Yes,Yes,2,Yes,No,MLB Stats API; RotoWire,,H:2026/2025 P:2026/2025,,,Direct BvP not yet weighted; 2026/2025 Statcast baseline active,7,4,15,0,"Last 7 games: 4/15, 0 HR","same-side matchup; pitcher baseline 9.0% barrel, 21.7 HR allowed",neutral batted-ball profile; pitcher allows elevated contact,,
666176,Jo Adell,LAA,ATH,2026-06-20T01:40:00Z,Pre-Game,3,Jeffrey Springs,605488,L,R,11.14,0.1741,90.72,102.7833,0.4776,0.212,0.3405,77.46,71.72,38.07,26.93,46.43,18.1,9.01,36.39,87.88,0.4275,0.1827,31.53,21.7,21.7,21.7,Sutter Health Park,106,80,11,Out To CF,Yes,Yes,3,Yes,No,MLB Stats API; RotoWire,,H:2026/2025 P:2026/2025,,,Direct BvP not yet weighted; 2026/2025 Statcast baseline active,7,10,30,0,Contact streak: 10/30 over last 7 games,"platoon edge; pitcher baseline 9.0% barrel, 21.7 HR allowed",neutral batted-ball profile; pitcher allows elevated contact,,
672724,Oswald Peraza,LAA,ATH,2026-06-20T01:40:00Z,Pre-Game,4,Jeffrey Springs,605488,L,R,7.89,0.1392,87.38,100.07,0.3669,0.133,0.2872,72.55,26.29,36.9,21.15,37.82,6.4,9.01,36.39,87.88,0.4275,0.1827,31.53,21.7,21.7,21.7,Sutter Health Park,106,80,11,Out To CF,Yes,Yes,4,Yes,No,MLB Stats API; RotoWire,,H:2026/2025 P:2026/2025,,,Direct BvP not yet weighted; 2026/2025 Statcast baseline active,7,5,25,0,"Last 7 games: 5/25, 0 HR","platoon edge; pitcher baseline 9.0% barrel, 21.7 HR allowed",neutral batted-ball profile; pitcher allows elevated contact,,
695681,Christian Moore,LAA,ATH,2026-06-20T01:40:00Z,Pre-Game,5,Jeffrey Springs,605488,L,R,2.07,0.0516,93.73,97.322,0.3002,0.0713,0.2435,74.38,47.09,7.95,9.72,80.89,2.1,9.01,36.39,87.88,0.4275,0.1827,31.53,21.7,21.7,21.7,Sutter Health Park,106,80,11,Out To CF,Yes,Yes,5,Yes,No,MLB Stats API; RotoWire,,H:2026/2025 P:2026/2025,,,Direct BvP not yet weighted; 2026/2025 Statcast baseline active,1,1,4,0,"Last 1 games: 1/4, 0 HR","platoon edge; pitcher baseline 9.0% barrel, 21.7 HR allowed",EV profile; pitcher allows elevated contact,,
694203,Denzer Guzman,LAA,ATH,2026-06-20T01:40:00Z,Pre-Game,6,Jeffrey Springs,605488,L,R,4.5,0.0893,88.39,99.4059,0.3188,0.1064,0.249,73.64,36.24,48.02,26.5,43.53,0.6,9.01,36.39,87.88,0.4275,0.1827,31.53,21.7,21.7,21.7,Sutter Health Park,106,80,11,Out To CF,Yes,Yes,6,Yes,No,MLB Stats API; RotoWire,,H:2026/2025 P:2026/2025,,,Direct BvP not yet weighted; 2026/2025 Statcast baseline active,7,9,26,0,Contact streak: 9/26 over last 7 games,"platoon edge; pitcher baseline 9.0% barrel, 21.7 HR allowed",neutral batted-ball profile; pitcher allows elevated contact,,
681351,Logan O'Hoppe,LAA,ATH,2026-06-20T01:40:00Z,Pre-Game,7,Jeffrey Springs,605488,L,R,12.46,0.1237,88.45,100.0884,0.3774,0.1662,0.2898,72.14,24.39,44.66,30.61,41.23,7.8,9.01,36.39,87.88,0.4275,0.1827,31.53,21.7,21.7,21.7,Sutter Health Park,106,80,11,Out To CF,Yes,Yes,7,Yes,No,MLB Stats API; RotoWire,,H:2026/2025 P:2026/2025,,,Direct BvP not yet weighted; 2026/2025 Statcast baseline active,7,9,21,1,Contact streak: 9/21 over last 7 games,"platoon edge; pitcher baseline 9.0% barrel, 21.7 HR allowed",neutral batted-ball profile; pitcher allows elevated contact,,
685133,Wade Meckler,LAA,ATH,2026-06-20T01:40:00Z,Pre-Game,8,Jeffrey Springs,605488,L,L,7.0,0.152,85.9,96.4102,0.428,0.164,0.333,69.6,3.7,36.8,22.8,29.8,2.0,9.01,36.39,87.88,0.4275,0.1827,31.53,21.7,21.7,21.7,Sutter Health Park,106,80,11,Out To CF,Yes,Yes,8,Yes,No,MLB Stats API; RotoWire,,H:2026 P:2026/2025,,,Direct BvP not yet weighted; 2026/2025 Statcast baseline active,7,3,19,0,"Last 7 games: 3/19, 0 HR","same-side matchup; pitcher baseline 9.0% barrel, 21.7 HR allowed",neutral batted-ball profile; pitcher allows elevated contact,,
642350,Jose Siri,LAA,ATH,2026-06-20T01:40:00Z,Pre-Game,9,Jeffrey Springs,605488,L,R,17.34,0.1803,87.07,99.8609,0.4264,0.2148,0.3149,72.73,31.58,25.95,47.66,40.23,2.1,9.01,36.39,87.88,0.4275,0.1827,31.53,21.7,21.7,21.7,Sutter Health Park,106,80,11,Out To CF,Yes,Yes,9,Yes,No,MLB Stats API; RotoWire,,H:2026/2025 P:2026/2025,,,Direct BvP not yet weighted; 2026/2025 Statcast baseline active,7,3,15,1,"Last 7 games: 3/15, 1 HR","platoon edge; pitcher baseline 9.0% barrel, 21.7 HR allowed",fly-ball profile; pitcher allows elevated contact,,
680869,Zack Gelof,ATH,LAA,2026-06-20T01:40:00Z,Pre-Game,1,José Soriano,667755,R,R,9.0,0.1848,88.87,99.5742,0.3599,0.1599,0.2694,73.22,26.59,40.16,26.54,43.91,8.3,8.18,40.5,89.16,0.3712,0.1348,20.57,9.9,9.9,9.9,Sutter Health Park,106,80,11,Out To CF,Yes,Yes,1,Yes,No,MLB Stats API; RotoWire,,H:2026/2025 P:2026/2025,,,Direct BvP not yet weighted; 2026/2025 Statcast baseline active,7,11,26,3,Hot streak: 3 HR in last 7 games,"same-side matchup; pitcher baseline 8.2% barrel, 9.9 HR allowed",neutral batted-ball profile; pitcher fly-ball pressure modest,,
701762,Nick Kurtz,ATH,LAA,2026-06-20T01:40:00Z,Pre-Game,2,José Soriano,667755,R,L,17.8,0.2814,93.75,105.5289,0.5167,0.264,0.386,77.97,79.14,33.13,30.91,55.86,23.4,8.18,40.5,89.16,0.3712,0.1348,20.57,9.9,9.9,9.9,Sutter Health Park,106,80,11,Out To CF,Yes,Yes,2,Yes,No,MLB Stats API; RotoWire,,H:2026/2025 P:2026/2025,,,Direct BvP not yet weighted; 2026/2025 Statcast baseline active,7,10,28,3,Hot streak: 3 HR in last 7 games,"platoon edge; pitcher baseline 8.2% barrel, 9.9 HR allowed",EV profile; pitcher fly-ball pressure modest,,
669127,Shea Langeliers,ATH,LAA,2026-06-20T01:40:00Z,Pre-Game,3,José Soriano,667755,R,R,13.68,0.2555,91.39,102.5185,0.5141,0.2421,0.3609,74.85,49.4,39.39,31.1,43.99,22.6,8.18,40.5,89.16,0.3712,0.1348,20.57,9.9,9.9,9.9,Sutter Health Park,106,80,11,Out To CF,Yes,Yes,3,Yes,No,MLB Stats API; RotoWire,,H:2026/2025 P:2026/2025,,,Direct BvP not yet weighted; 2026/2025 Statcast baseline active,7,6,29,2,Hot streak: 2 HR in last 7 games,"same-side matchup; pitcher baseline 8.2% barrel, 9.9 HR allowed",neutral batted-ball profile; pitcher fly-ball pressure modest,,
691016,Tyler Soderstrom,ATH,LAA,2026-06-20T01:40:00Z,Pre-Game,4,José Soriano,667755,R,L,11.12,0.2239,90.34,101.7767,0.4332,0.1855,0.334,74.28,42.31,36.28,27.7,45.95,16.6,8.18,40.5,89.16,0.3712,0.1348,20.57,9.9,9.9,9.9,Sutter Health Park,106,80,11,Out To CF,Yes,Yes,4,Yes,No,MLB Stats API; RotoWire,,H:2026/2025 P:2026/2025,,,Direct BvP not yet weighted; 2026/2025 Statcast baseline active,7,5,25,2,Hot streak: 2 HR in last 7 games,"platoon edge; pitcher baseline 8.2% barrel, 9.9 HR allowed",neutral batted-ball profile; pitcher fly-ball pressure modest,,
805779,Jacob Wilson,ATH,LAA,2026-06-20T01:40:00Z,Pre-Game,5,José Soriano,667755,R,R,1.99,0.1092,84.25,95.6207,0.3416,0.0744,0.2844,64.04,0.3,32.95,20.18,26.73,6.0,8.18,40.5,89.16,0.3712,0.1348,20.57,9.9,9.9,9.9,Sutter Health Park,106,80,11,Out To CF,Yes,Yes,5,Yes,No,MLB Stats API; RotoWire,,H:2026/2025 P:2026/2025,,,Direct BvP not yet weighted; 2026/2025 Statcast baseline active,7,6,24,0,"Last 7 games: 6/24, 0 HR","same-side matchup; pitcher baseline 8.2% barrel, 9.9 HR allowed",neutral batted-ball profile; pitcher fly-ball pressure modest,,
666126,Carlos Cortes,ATH,LAA,2026-06-20T01:40:00Z,Pre-Game,6,José Soriano,667755,R,L,8.71,0.185,89.87,100.0961,0.4479,0.1672,0.3476,70.68,13.83,29.64,23.15,41.41,5.4,8.18,40.5,89.16,0.3712,0.1348,20.57,9.9,9.9,9.9,Sutter Health Park,106,80,11,Out To CF,Yes,Yes,6,Yes,No,MLB Stats API; RotoWire,,H:2026/2025 P:2026/2025,,,Direct BvP not yet weighted; 2026/2025 Statcast baseline active,7,2,23,1,"Last 7 games: 2/23, 1 HR","platoon edge; pitcher baseline 8.2% barrel, 9.9 HR allowed",neutral batted-ball profile; pitcher fly-ball pressure modest,,
671732,Lawrence Butler,ATH,LAA,2026-06-20T01:40:00Z,Pre-Game,7,José Soriano,667755,R,L,7.24,0.1196,89.31,102.2326,0.3706,0.1346,0.3012,73.59,36.61,34.75,19.97,44.75,9.1,8.18,40.5,89.16,0.3712,0.1348,20.57,9.9,9.9,9.9,Sutter Health Park,106,80,11,Out To CF,Yes,Yes,7,Yes,No,MLB Stats API; RotoWire,,H:2026/2025 P:2026/2025,,,Direct BvP not yet weighted; 2026/2025 Statcast baseline active,7,8,23,1,Contact streak: 8/23 over last 7 games,"platoon edge; pitcher baseline 8.2% barrel, 9.9 HR allowed",neutral batted-ball profile; pitcher fly-ball pressure modest,,
703607,Henry Bolte,ATH,LAA,2026-06-20T01:40:00Z,Pre-Game,8,José Soriano,667755,R,R,5.8,0.108,92.1,105.1387,0.34,0.115,0.297,77.1,76.0,34.3,20.0,52.2,2.0,8.18,40.5,89.16,0.3712,0.1348,20.57,9.9,9.9,9.9,Sutter Health Park,106,80,11,Out To CF,Yes,Yes,8,Yes,No,MLB Stats API; RotoWire,,H:2026 P:2026/2025,,,Direct BvP not yet weighted; 2026/2025 Statcast baseline active,7,8,21,1,Contact streak: 8/21 over last 7 games,"same-side matchup; pitcher baseline 8.2% barrel, 9.9 HR allowed",EV profile; pitcher fly-ball pressure modest,,
643446,Jeff McNeil,ATH,LAA,2026-06-20T01:40:00Z,Pre-Game,9,José Soriano,667755,R,L,2.3,0.1085,86.36,96.4788,0.3607,0.0929,0.3139,68.81,5.02,43.21,20.88,30.94,5.7,8.18,40.5,89.16,0.3712,0.1348,20.57,9.9,9.9,9.9,Sutter Health Park,106,80,11,Out To CF,Yes,Yes,9,Yes,No,MLB Stats API; RotoWire,,H:2026/2025 P:2026/2025,,,Direct BvP not yet weighted; 2026/2025 Statcast baseline active,7,4,17,1,"Last 7 games: 4/17, 1 HR","platoon edge; pitcher baseline 8.2% barrel, 9.9 HR allowed",neutral batted-ball profile; pitcher fly-ball pressure modest,,
663616,Trevor Larnach,MIN,AZ,2026-06-20T01:45:00Z,Pre-Game,1,Michael Soroka,647336,R,L,6.99,0.147,87.82,98.4382,0.3932,0.1383,0.3299,71.57,17.88,39.05,25.1,35.41,8.6,7.82,35.78,88.15,0.3853,0.149,28.08,7.8,7.8,7.8,Chase Field,101,72,0,None,Yes,Yes,1,Yes,No,MLB Stats API; RotoWire,,H:2026/2025 P:2026/2025,,,Direct BvP not yet weighted; 2026/2025 Statcast baseline active,7,9,25,2,Hot streak: 2 HR in last 7 games,"platoon edge; pitcher baseline 7.8% barrel, 7.8 HR allowed",neutral batted-ball profile; pitcher fly-ball pressure modest,,
621439,Byron Buxton,MIN,AZ,2026-06-20T01:45:00Z,Pre-Game,2,Michael Soroka,647336,R,R,18.26,0.3094,91.31,102.6752,0.5112,0.2653,0.3479,74.37,43.22,47.61,35.96,50.23,26.6,7.82,35.78,88.15,0.3853,0.149,28.08,7.8,7.8,7.8,Chase Field,101,72,0,None,Yes,Yes,2,Yes,No,MLB Stats API; RotoWire,,H:2026/2025 P:2026/2025,,,Direct BvP not yet weighted; 2026/2025 Statcast baseline active,7,10,28,3,Hot streak: 3 HR in last 7 games,"same-side matchup; pitcher baseline 7.8% barrel, 7.8 HR allowed",fly-ball profile; pitcher fly-ball pressure modest,,
665019,Kody Clemens,MIN,AZ,2026-06-20T01:45:00Z,Pre-Game,3,Michael Soroka,647336,R,L,12.77,0.2315,92.27,101.6189,0.458,0.2055,0.3352,71.92,13.82,43.14,31.22,45.57,13.4,7.82,35.78,88.15,0.3853,0.149,28.08,7.8,7.8,7.8,Chase Field,101,72,0,None,Yes,Yes,3,Yes,No,MLB Stats API; RotoWire,,H:2026/2025 P:2026/2025,,,Direct BvP not yet weighted; 2026/2025 Statcast baseline active,7,7,28,2,Hot streak: 2 HR in last 7 games,"platoon edge; pitcher baseline 7.8% barrel, 7.8 HR allowed",lift-pull EV profile; pitcher fly-ball pressure modest,,
605137,Josh Bell,MIN,AZ,2026-06-20T01:45:00Z,Pre-Game,4,Michael Soroka,647336,R,S,10.63,0.1541,89.77,100.8406,0.4381,0.1884,0.3275,72.26,27.69,44.16,25.1,44.06,12.2,7.82,35.78,88.15,0.3853,0.149,28.08,7.8,7.8,7.8,Chase Field,101,72,0,None,Yes,Yes,4,Yes,No,MLB Stats API; RotoWire,,H:2026/2025 P:2026/2025,,,Direct BvP not yet weighted; 2026/2025 Statcast baseline active,7,10,24,1,Contact streak: 10/24 over last 7 games,"switch hitter; pitcher baseline 7.8% barrel, 7.8 HR allowed",neutral batted-ball profile; pitcher fly-ball pressure modest,,
668904,Royce Lewis,MIN,AZ,2026-06-20T01:45:00Z,Pre-Game,5,Michael Soroka,647336,R,R,11.01,0.1552,89.03,100.4399,0.3671,0.1502,0.2928,74.09,44.07,47.28,29.38,41.49,8.1,7.82,35.78,88.15,0.3853,0.149,28.08,7.8,7.8,7.8,Chase Field,101,72,0,None,Yes,Yes,5,Yes,No,MLB Stats API; RotoWire,,H:2026/2025 P:2026/2025,,,Direct BvP not yet weighted; 2026/2025 Statcast baseline active,7,8,27,2,Hot streak: 2 HR in last 7 games,"same-side matchup; pitcher baseline 7.8% barrel, 7.8 HR allowed",neutral batted-ball profile; pitcher fly-ball pressure modest,,
686797,Brooks Lee,MIN,AZ,2026-06-20T01:45:00Z,Pre-Game,6,Michael Soroka,647336,R,S,5.31,0.1697,88.04,97.3587,0.3516,0.1239,0.2799,69.85,8.49,40.66,27.74,33.18,13.2,7.82,35.78,88.15,0.3853,0.149,28.08,7.8,7.8,7.8,Chase Field,101,72,0,None,Yes,Yes,6,Yes,No,MLB Stats API; RotoWire,,H:2026/2025 P:2026/2025,,,Direct BvP not yet weighted; 2026/2025 Statcast baseline active,7,5,25,2,Hot streak: 2 HR in last 7 games,"switch hitter; pitcher baseline 7.8% barrel, 7.8 HR allowed",neutral batted-ball profile; pitcher fly-ball pressure modest,,
605170,Victor Caratini,MIN,AZ,2026-06-20T01:45:00Z,Pre-Game,7,Michael Soroka,647336,R,S,6.93,0.1142,88.84,98.8772,0.4061,0.1518,0.3367,71.11,14.29,37.43,22.92,38.95,6.4,7.82,35.78,88.15,0.3853,0.149,28.08,7.8,7.8,7.8,Chase Field,101,72,0,None,Yes,Yes,7,Yes,No,MLB Stats API; RotoWire,,H:2026/2025 P:2026/2025,,,Direct BvP not yet weighted; 2026/2025 Statcast baseline active,7,7,20,1,Contact streak: 7/20 over last 7 games,"switch hitter; pitcher baseline 7.8% barrel, 7.8 HR allowed",neutral batted-ball profile; pitcher fly-ball pressure modest,,
656484,Tristan Gray,MIN,AZ,2026-06-20T01:45:00Z,Pre-Game,8,Michael Soroka,647336,R,L,8.62,0.1405,89.65,100.9143,0.3953,0.1523,0.307,73.07,34.83,39.75,25.45,42.06,3.7,7.82,35.78,88.15,0.3853,0.149,28.08,7.8,7.8,7.8,Chase Field,101,72,0,None,Yes,Yes,8,Yes,No,MLB Stats API; RotoWire,,H:2026/2025 P:2026/2025,,,Direct BvP not yet weighted; 2026/2025 Statcast baseline active,7,2,20,0,"Last 7 games: 2/20, 0 HR","platoon edge; pitcher baseline 7.8% barrel, 7.8 HR allowed",neutral batted-ball profile; pitcher fly-ball pressure modest,,
807712,Luke Keaschall,MIN,AZ,2026-06-20T01:45:00Z,Pre-Game,9,Michael Soroka,647336,R,R,3.59,0.0996,85.29,96.702,0.35,0.109,0.303,68.51,6.68,36.37,25.92,29.87,2.6,7.82,35.78,88.15,0.3853,0.149,28.08,7.8,7.8,7.8,Chase Field,101,72,0,None,Yes,Yes,9,Yes,No,MLB Stats API; RotoWire,,H:2026/2025 P:2026/2025,,,Direct BvP not yet weighted; 2026/2025 Statcast baseline active,7,7,23,1,"Last 7 games: 7/23, 1 HR","same-side matchup; pitcher baseline 7.8% barrel, 7.8 HR allowed",neutral batted-ball profile; pitcher fly-ball pressure modest,,
606466,Ketel Marte,AZ,MIN,2026-06-20T01:45:00Z,Pre-Game,1,Connor Prielipp,687570,L,S,11.12,0.199,91.01,102.9739,0.5102,0.2133,0.3753,74.6,45.29,50.52,25.33,45.74,16.1,9.2,39.4,90.1,0.401,0.17,26.1,5.0,5.0,5.0,Chase Field,101,72,0,None,Yes,,,No,Yes,MLB Stats API; RotoWire,not found on RotoWire,H:2026/2025 P:2026,,,Direct BvP not yet weighted; 2026/2025 Statcast baseline active,7,10,29,0,Contact streak: 10/29 over last 7 games,"switch hitter; pitcher baseline 9.2% barrel, 5.0 HR allowed",neutral batted-ball profile; pitcher fly-ball pressure modest,,
672695,Geraldo Perdomo,AZ,MIN,2026-06-20T01:45:00Z,Pre-Game,2,Connor Prielipp,687570,L,S,3.82,0.1321,87.53,97.0192,0.3701,0.1033,0.3413,67.25,1.38,43.87,23.49,32.04,8.8,9.2,39.4,90.1,0.401,0.17,26.1,5.0,5.0,5.0,Chase Field,101,72,0,None,Yes,,,No,Yes,MLB Stats API; RotoWire,not found on RotoWire,H:2026/2025 P:2026,,,Direct BvP not yet weighted; 2026/2025 Statcast baseline active,7,6,23,1,"Last 7 games: 6/23, 1 HR","switch hitter; pitcher baseline 9.2% barrel, 5.0 HR allowed",neutral batted-ball profile; pitcher fly-ball pressure modest,,
682998,Corbin Carroll,AZ,MIN,2026-06-20T01:45:00Z,Pre-Game,3,Connor Prielipp,687570,L,L,13.17,0.2701,91.82,102.6746,0.4954,0.2299,0.3657,75.26,55.47,43.94,29.69,49.48,18.4,9.2,39.4,90.1,0.401,0.17,26.1,5.0,5.0,5.0,Chase Field,101,72,0,None,Yes,,,No,Yes,MLB Stats API; RotoWire,not found on RotoWire,H:2026/2025 P:2026,,,Direct BvP not yet weighted; 2026/2025 Statcast baseline active,7,6,29,2,Hot streak: 2 HR in last 7 games,"same-side matchup; pitcher baseline 9.2% barrel, 5.0 HR allowed",neutral batted-ball profile; pitcher fly-ball pressure modest,,
672515,Gabriel Moreno,AZ,MIN,2026-06-20T01:45:00Z,Pre-Game,4,Connor Prielipp,687570,L,R,8.92,0.1711,89.98,99.766,0.4614,0.1838,0.3614,71.18,19.33,36.27,28.55,44.1,6.9,9.2,39.4,90.1,0.401,0.17,26.1,5.0,5.0,5.0,Chase Field,101,72,0,None,Yes,,,No,Yes,MLB Stats API; RotoWire,not found on RotoWire,H:2026/2025 P:2026,,,Direct BvP not yet weighted; 2026/2025 Statcast baseline active,7,10,26,1,Contact streak: 10/26 over last 7 games,"platoon edge; pitcher baseline 9.2% barrel, 5.0 HR allowed",neutral batted-ball profile; pitcher fly-ball pressure modest,,
666971,Lourdes Gurriel Jr.,AZ,MIN,2026-06-20T01:45:00Z,Pre-Game,5,Connor Prielipp,687570,L,R,6.43,0.1,86.82,97.8481,0.3535,0.1115,0.2961,70.88,10.86,40.2,26.11,34.52,6.4,9.2,39.4,90.1,0.401,0.17,26.1,5.0,5.0,5.0,Chase Field,101,72,0,None,Yes,,,No,Yes,MLB Stats API; RotoWire,not found on RotoWire,H:2026/2025 P:2026,,,Direct BvP not yet weighted; 2026/2025 Statcast baseline active,7,6,26,1,"Last 7 games: 6/26, 1 HR","platoon edge; pitcher baseline 9.2% barrel, 5.0 HR allowed",neutral batted-ball profile; pitcher fly-ball pressure modest,,
571448,Nolan Arenado,AZ,MIN,2026-06-20T01:45:00Z,Pre-Game,6,Connor Prielipp,687570,L,R,5.47,0.1498,85.75,96.9717,0.3611,0.1227,0.296,71.4,15.64,43.78,27.86,31.41,9.2,9.2,39.4,90.1,0.401,0.17,26.1,5.0,5.0,5.0,Chase Field,101,72,0,None,Yes,,,No,Yes,MLB Stats API; RotoWire,not found on RotoWire,H:2026/2025 P:2026,,,Direct BvP not yet weighted; 2026/2025 Statcast baseline active,7,2,28,0,"Last 7 games: 2/28, 0 HR","platoon edge; pitcher baseline 9.2% barrel, 5.0 HR allowed",neutral batted-ball profile; pitcher fly-ball pressure modest,,
545121,Ildemaro Vargas,AZ,MIN,2026-06-20T01:45:00Z,Pre-Game,7,Connor Prielipp,687570,L,S,3.83,0.1375,87.45,98.0279,0.3844,0.1105,0.3024,70.71,14.4,44.21,20.42,33.1,5.8,9.2,39.4,90.1,0.401,0.17,26.1,5.0,5.0,5.0,Chase Field,101,72,0,None,Yes,,,No,Yes,MLB Stats API; RotoWire,not found on RotoWire,H:2026/2025 P:2026,,,Direct BvP not yet weighted; 2026/2025 Statcast baseline active,7,0,17,0,"Last 7 games: 0/17, 0 HR","switch hitter; pitcher baseline 9.2% barrel, 5.0 HR allowed",neutral batted-ball profile; pitcher fly-ball pressure modest,,
691783,Jordan Lawlar,AZ,MIN,2026-06-20T01:45:00Z,Pre-Game,8,Connor Prielipp,687570,L,R,4.27,0.1347,86.79,97.6587,0.3633,0.1166,0.3223,70.37,7.84,55.42,35.32,29.83,0.7,9.2,39.4,90.1,0.401,0.17,26.1,5.0,5.0,5.0,Chase Field,101,72,0,None,Yes,,,No,Yes,MLB Stats API; RotoWire,not found on RotoWire,H:2026/2025 P:2026,,,Direct BvP not yet weighted; 2026/2025 Statcast baseline active,7,6,21,1,"Last 7 games: 6/21, 1 HR","platoon edge; pitcher baseline 9.2% barrel, 5.0 HR allowed",fly-ball profile; pitcher fly-ball pressure modest,,
694410,LuJames Groover,AZ,MIN,2026-06-20T01:45:00Z,Pre-Game,9,Connor Prielipp,687570,L,R,4.2,0.0,91.7,99.8317,0.324,0.072,0.292,70.6,11.1,36.0,16.0,52.0,0.0,9.2,39.4,90.1,0.401,0.17,26.1,5.0,5.0,5.0,Chase Field,101,72,0,None,Yes,,,No,Yes,MLB Stats API; RotoWire,not found on RotoWire,H:2026 P:2026,,,Direct BvP not yet weighted; 2026/2025 Statcast baseline active,7,4,24,0,"Last 7 games: 4/24, 0 HR","platoon edge; pitcher baseline 9.2% barrel, 5.0 HR allowed",neutral batted-ball profile; pitcher fly-ball pressure modest,,
621493,Taylor Ward,BAL,LAD,2026-06-20T02:10:00Z,Pre-Game,1,Roki Sasaki,808963,R,R,7.47,0.1399,89.68,99.6646,0.401,0.1525,0.3477,68.38,4.26,30.65,29.8,41.16,12.9,10.82,44.28,90.04,0.4349,0.1908,27.93,9.5,9.5,9.5,UNIQLO Field at Dodger Stadium,100,69,10,Out To CF,Yes,Yes,1,Yes,No,MLB Stats API; RotoWire,,H:2026/2025 P:2026/2025,,,Direct BvP not yet weighted; 2026/2025 Statcast baseline active,7,5,28,0,"Last 7 games: 5/28, 0 HR","same-side matchup; pitcher baseline 10.8% barrel, 9.5 HR allowed",neutral batted-ball profile; pitcher fly-ball pressure modest,,
683002,Gunnar Henderson,BAL,LAD,2026-06-20T02:10:00Z,Pre-Game,2,Roki Sasaki,808963,R,L,8.74,0.1843,90.28,101.3132,0.4075,0.1602,0.3193,74.74,47.87,42.13,24.15,46.82,15.6,10.82,44.28,90.04,0.4349,0.1908,27.93,9.5,9.5,9.5,UNIQLO Field at Dodger Stadium,100,69,10,Out To CF,Yes,Yes,2,Yes,No,MLB Stats API; RotoWire,,H:2026/2025 P:2026/2025,,,Direct BvP not yet weighted; 2026/2025 Statcast baseline active,7,6,24,2,Hot streak: 2 HR in last 7 games,"platoon edge; pitcher baseline 10.8% barrel, 9.5 HR allowed",neutral batted-ball profile; pitcher fly-ball pressure modest,,
624413,Pete Alonso,BAL,LAD,2026-06-20T02:10:00Z,Pre-Game,3,Roki Sasaki,808963,R,R,14.14,0.2247,94.41,103.9293,0.5328,0.2612,0.3762,74.88,49.55,36.64,30.53,54.89,22.6,10.82,44.28,90.04,0.4349,0.1908,27.93,9.5,9.5,9.5,UNIQLO Field at Dodger Stadium,100,69,10,Out To CF,Yes,Yes,3,Yes,No,MLB Stats API; RotoWire,,H:2026/2025 P:2026/2025,,,Direct BvP not yet weighted; 2026/2025 Statcast baseline active,7,7,23,2,Hot streak: 2 HR in last 7 games,"same-side matchup; pitcher baseline 10.8% barrel, 9.5 HR allowed",EV profile; pitcher fly-ball pressure modest,,
694212,Samuel Basallo,BAL,LAD,2026-06-20T02:10:00Z,Pre-Game,4,Roki Sasaki,808963,R,L,11.14,0.1895,90.78,102.8316,0.4408,0.1952,0.3239,75.15,53.22,41.55,29.47,44.61,8.2,10.82,44.28,90.04,0.4349,0.1908,27.93,9.5,9.5,9.5,UNIQLO Field at Dodger Stadium,100,69,10,Out To CF,Yes,Yes,4,Yes,No,MLB Stats API; RotoWire,,H:2026/2025 P:2026/2025,,,Direct BvP not yet weighted; 2026/2025 Statcast baseline active,7,6,26,1,"Last 7 games: 6/26, 1 HR","platoon edge; pitcher baseline 10.8% barrel, 9.5 HR allowed",neutral batted-ball profile; pitcher fly-ball pressure modest,,
665750,Leody Taveras,BAL,LAD,2026-06-20T02:10:00Z,Pre-Game,5,Roki Sasaki,808963,R,S,5.14,0.1116,87.59,98.5556,0.337,0.1117,0.281,72.32,24.56,33.02,22.77,31.91,2.3,10.82,44.28,90.04,0.4349,0.1908,27.93,9.5,9.5,9.5,UNIQLO Field at Dodger Stadium,100,69,10,Out To CF,Yes,Yes,5,Yes,No,MLB Stats API; RotoWire,,H:2026/2025 P:2026/2025,,,Direct BvP not yet weighted; 2026/2025 Statcast baseline active,7,6,25,0,"Last 7 games: 6/25, 0 HR","switch hitter; pitcher baseline 10.8% barrel, 9.5 HR allowed",neutral batted-ball profile; pitcher fly-ball pressure modest,,
681297,Colton Cowser,BAL,LAD,2026-06-20T02:10:00Z,Pre-Game,6,Roki Sasaki,808963,R,L,12.98,0.1666,87.82,100.3326,0.4257,0.2184,0.3119,74.65,45.69,37.61,32.15,36.69,9.7,10.82,44.28,90.04,0.4349,0.1908,27.93,9.5,9.5,9.5,UNIQLO Field at Dodger Stadium,100,69,10,Out To CF,Yes,Yes,6,Yes,No,MLB Stats API; RotoWire,,H:2026/2025 P:2026/2025,,,Direct BvP not yet weighted; 2026/2025 Statcast baseline active,7,3,19,1,"Last 7 games: 3/19, 1 HR","platoon edge; pitcher baseline 10.8% barrel, 9.5 HR allowed",neutral batted-ball profile; pitcher fly-ball pressure modest,,
691723,Coby Mayo,BAL,LAD,2026-06-20T02:10:00Z,Pre-Game,7,Roki Sasaki,808963,R,R,10.24,0.1836,90.17,102.7047,0.3798,0.1663,0.2918,75.26,53.47,50.39,32.29,44.89,9.6,10.82,44.28,90.04,0.4349,0.1908,27.93,9.5,9.5,9.5,UNIQLO Field at Dodger Stadium,100,69,10,Out To CF,Yes,Yes,7,Yes,No,MLB Stats API; RotoWire,,H:2026/2025 P:2026/2025,,,Direct BvP not yet weighted; 2026/2025 Statcast baseline active,7,3,22,1,"Last 7 games: 3/22, 1 HR","same-side matchup; pitcher baseline 10.8% barrel, 9.5 HR allowed",neutral batted-ball profile; pitcher fly-ball pressure modest,,
702616,Jackson Holliday,BAL,LAD,2026-06-20T02:10:00Z,Pre-Game,8,Roki Sasaki,808963,R,L,12.49,0.1799,89.57,99.9377,0.4145,0.1875,0.3182,70.46,8.18,33.03,34.27,45.35,7.9,10.82,44.28,90.04,0.4349,0.1908,27.93,9.5,9.5,9.5,UNIQLO Field at Dodger Stadium,100,69,10,Out To CF,Yes,Yes,8,Yes,No,MLB Stats API; RotoWire,,H:2026/2025 P:2026/2025,,,Direct BvP not yet weighted; 2026/2025 Statcast baseline active,7,3,21,1,"Last 7 games: 3/21, 1 HR","platoon edge; pitcher baseline 10.8% barrel, 9.5 HR allowed",neutral batted-ball profile; pitcher fly-ball pressure modest,,
669236,Jeremiah Jackson,BAL,LAD,2026-06-20T02:10:00Z,Pre-Game,9,Roki Sasaki,808963,R,R,7.78,0.1633,89.76,100.9461,0.4014,0.1573,0.2931,72.67,27.09,40.77,25.26,42.5,6.4,10.82,44.28,90.04,0.4349,0.1908,27.93,9.5,9.5,9.5,UNIQLO Field at Dodger Stadium,100,69,10,Out To CF,Yes,Yes,9,Yes,No,MLB Stats API; RotoWire,,H:2026/2025 P:2026/2025,,,Direct BvP not yet weighted; 2026/2025 Statcast baseline active,7,4,8,1,Contact streak: 4/8 over last 7 games,"same-side matchup; pitcher baseline 10.8% barrel, 9.5 HR allowed",neutral batted-ball profile; pitcher fly-ball pressure modest,,
660271,Shohei Ohtani,LAD,BAL,2026-06-20T02:10:00Z,Pre-Game,1,Trey Gibson,694346,R,L,19.09,0.2763,94.13,104.3054,0.593,0.3029,0.4229,74.96,52.38,49.29,33.53,55.41,27.0,11.4,41.4,89.8,0.502,0.216,20.0,4.0,4.0,4.0,UNIQLO Field at Dodger Stadium,100,69,10,Out To CF,No,No,1,Yes,Yes,RotoWire projected lineup; MLB probable pitchers,lineup projected / unconfirmed,H:2026/2025 P:2026,,,Direct BvP not yet weighted; 2026/2025 Statcast baseline active,7,5,21,4,Hot streak: 4 HR in last 7 games,"platoon edge; pitcher baseline 11.4% barrel, 4.0 HR allowed",lift-pull EV profile; pitcher fly-ball pressure modest,,
681624,Andy Pages,LAD,BAL,2026-06-20T02:10:00Z,Pre-Game,2,Trey Gibson,694346,R,R,8.89,0.21,89.3,100.5276,0.456,0.1847,0.3349,72.81,24.86,36.57,28.3,44.34,18.6,11.4,41.4,89.8,0.502,0.216,20.0,4.0,4.0,4.0,UNIQLO Field at Dodger Stadium,100,69,10,Out To CF,No,No,2,Yes,Yes,RotoWire projected lineup; MLB probable pitchers,lineup projected / unconfirmed,H:2026/2025 P:2026,,,Direct BvP not yet weighted; 2026/2025 Statcast baseline active,7,6,31,0,"Last 7 games: 6/31, 0 HR","same-side matchup; pitcher baseline 11.4% barrel, 4.0 HR allowed",neutral batted-ball profile; pitcher fly-ball pressure modest,,
518692,Freddie Freeman,LAD,BAL,2026-06-20T02:10:00Z,Pre-Game,3,Trey Gibson,694346,R,L,11.59,0.2042,90.69,100.8485,0.4922,0.2147,0.371,70.18,7.77,35.84,29.38,44.93,15.6,11.4,41.4,89.8,0.502,0.216,20.0,4.0,4.0,4.0,UNIQLO Field at Dodger Stadium,100,69,10,Out To CF,No,No,3,Yes,Yes,RotoWire projected lineup; MLB probable pitchers,lineup projected / unconfirmed,H:2026/2025 P:2026,,,Direct BvP not yet weighted; 2026/2025 Statcast baseline active,7,6,25,2,Hot streak: 2 HR in last 7 games,"platoon edge; pitcher baseline 11.4% barrel, 4.0 HR allowed",neutral batted-ball profile; pitcher fly-ball pressure modest,,
605141,Mookie Betts,LAD,BAL,2026-06-20T02:10:00Z,Pre-Game,4,Trey Gibson,694346,R,R,7.74,0.1592,89.66,98.3525,0.4353,0.1616,0.3356,69.28,8.0,40.8,36.25,36.64,10.9,11.4,41.4,89.8,0.502,0.216,20.0,4.0,4.0,4.0,UNIQLO Field at Dodger Stadium,100,69,10,Out To CF,No,No,4,Yes,Yes,RotoWire projected lineup; MLB probable pitchers,lineup projected / unconfirmed,H:2026/2025 P:2026,,,Direct BvP not yet weighted; 2026/2025 Statcast baseline active,7,8,28,1,"Last 7 games: 8/28, 1 HR","same-side matchup; pitcher baseline 11.4% barrel, 4.0 HR allowed",fly-ball profile; pitcher fly-ball pressure modest,,
663656,Kyle Tucker,LAD,BAL,2026-06-20T02:10:00Z,Pre-Game,5,Trey Gibson,694346,R,L,7.02,0.1616,89.26,99.032,0.4074,0.1507,0.3405,71.44,22.55,45.27,31.16,39.7,10.8,11.4,41.4,89.8,0.502,0.216,20.0,4.0,4.0,4.0,UNIQLO Field at Dodger Stadium,100,69,10,Out To CF,No,No,5,Yes,Yes,RotoWire projected lineup; MLB probable pitchers,lineup projected / unconfirmed,H:2026/2025 P:2026,,,Direct BvP not yet weighted; 2026/2025 Statcast baseline active,7,7,25,1,"Last 7 games: 7/25, 1 HR","platoon edge; pitcher baseline 11.4% barrel, 4.0 HR allowed",neutral batted-ball profile; pitcher fly-ball pressure modest,,
669743,Alex Call,LAD,BAL,2026-06-20T02:10:00Z,Pre-Game,6,Trey Gibson,694346,R,R,2.33,0.0753,84.77,94.7857,0.3025,0.0742,0.3,67.29,4.19,39.45,23.84,22.88,1.5,11.4,41.4,89.8,0.502,0.216,20.0,4.0,4.0,4.0,UNIQLO Field at Dodger Stadium,100,69,10,Out To CF,No,No,6,Yes,Yes,RotoWire projected lineup; MLB probable pitchers,lineup projected / unconfirmed,H:2026/2025 P:2026,,,Direct BvP not yet weighted; 2026/2025 Statcast baseline active,7,3,12,0,"Last 7 games: 3/12, 0 HR","same-side matchup; pitcher baseline 11.4% barrel, 4.0 HR allowed",neutral batted-ball profile; pitcher fly-ball pressure modest,,
500743,Miguel Rojas,LAD,BAL,2026-06-20T02:10:00Z,Pre-Game,7,Trey Gibson,694346,R,R,5.5,0.1112,87.32,98.3023,0.3832,0.1076,0.3161,68.73,5.56,36.64,20.37,34.84,3.5,11.4,41.4,89.8,0.502,0.216,20.0,4.0,4.0,4.0,UNIQLO Field at Dodger Stadium,100,69,10,Out To CF,No,No,7,Yes,Yes,RotoWire projected lineup; MLB probable pitchers,lineup projected / unconfirmed,H:2026/2025 P:2026,,,Direct BvP not yet weighted; 2026/2025 Statcast baseline active,7,5,11,1,Contact streak: 5/11 over last 7 games,"same-side matchup; pitcher baseline 11.4% barrel, 4.0 HR allowed",neutral batted-ball profile; pitcher fly-ball pressure modest,,
687221,Dalton Rushing,LAD,BAL,2026-06-20T02:10:00Z,Pre-Game,8,Trey Gibson,694346,R,L,11.27,0.2096,89.33,101.4958,0.4301,0.1823,0.3348,72.61,17.89,47.12,25.94,42.71,6.8,11.4,41.4,89.8,0.502,0.216,20.0,4.0,4.0,4.0,UNIQLO Field at Dodger Stadium,100,69,10,Out To CF,No,No,8,Yes,Yes,RotoWire projected lineup; MLB probable pitchers,lineup projected / unconfirmed,H:2026/2025 P:2026,,,Direct BvP not yet weighted; 2026/2025 Statcast baseline active,7,4,24,0,"Last 7 games: 4/24, 0 HR","platoon edge; pitcher baseline 11.4% barrel, 4.0 HR allowed",neutral batted-ball profile; pitcher fly-ball pressure modest,,
690976,Alex Freeland,LAD,BAL,2026-06-20T02:10:00Z,Pre-Game,9,Trey Gibson,694346,R,S,7.23,0.1081,90.0,99.1211,0.327,0.1238,0.2817,70.7,9.82,34.71,27.65,39.54,2.7,11.4,41.4,89.8,0.502,0.216,20.0,4.0,4.0,4.0,UNIQLO Field at Dodger Stadium,100,69,10,Out To CF,No,No,9,Yes,Yes,RotoWire projected lineup; MLB probable pitchers,lineup projected / unconfirmed,H:2026/2025 P:2026,,,Direct BvP not yet weighted; 2026/2025 Statcast baseline active,7,2,17,0,"Last 7 games: 2/17, 0 HR","switch hitter; pitcher baseline 11.4% barrel, 4.0 HR allowed",neutral batted-ball profile; pitcher fly-ball pressure modest,,
681508,Mickey Gasper,BOS,SEA,2026-06-20T02:10:00Z,Pre-Game,1,Bryce Miller,682243,R,S,4.1,0.0747,88.5,98.6971,0.3145,0.102,0.271,71.44,11.44,40.03,30.85,37.36,0.6,7.02,33.76,88.06,0.3734,0.1533,27.73,7.9,7.9,7.9,T-Mobile Park,96,72,0,None,Yes,Yes,1,Yes,No,MLB Stats API; RotoWire,,H:2026/2025 P:2026/2025,,,Direct BvP not yet weighted; 2026/2025 Statcast baseline active,7,4,23,0,"Last 7 games: 4/23, 0 HR","switch hitter; pitcher baseline 7.0% barrel, 7.9 HR allowed",neutral batted-ball profile; pitcher fly-ball pressure modest,,
678882,Ceddanne Rafaela,BOS,SEA,2026-06-20T02:10:00Z,Pre-Game,2,Bryce Miller,682243,R,R,7.1,0.1636,87.04,98.1738,0.3803,0.1362,0.298,70.09,8.48,37.25,25.23,36.81,9.7,7.02,33.76,88.06,0.3734,0.1533,27.73,7.9,7.9,7.9,T-Mobile Park,96,72,0,None,Yes,Yes,2,Yes,No,MLB Stats API; RotoWire,,H:2026/2025 P:2026/2025,,,Direct BvP not yet weighted; 2026/2025 Statcast baseline active,7,10,30,2,Hot streak: 2 HR in last 7 games,"same-side matchup; pitcher baseline 7.0% barrel, 7.9 HR allowed",neutral batted-ball profile; pitcher fly-ball pressure modest,,
677800,Wilyer Abreu,BOS,SEA,2026-06-20T02:10:00Z,Pre-Game,3,Bryce Miller,682243,R,L,11.39,0.173,90.1,100.9347,0.4582,0.2047,0.3336,73.75,37.4,36.92,37.45,42.73,12.2,7.02,33.76,88.06,0.3734,0.1533,27.73,7.9,7.9,7.9,T-Mobile Park,96,72,0,None,Yes,Yes,3,Yes,No,MLB Stats API; RotoWire,,H:2026/2025 P:2026/2025,,,Direct BvP not yet weighted; 2026/2025 Statcast baseline active,7,7,28,1,"Last 7 games: 7/28, 1 HR","platoon edge; pitcher baseline 7.0% barrel, 7.9 HR allowed",fly-ball profile; pitcher fly-ball pressure modest,,
575929,Willson Contreras,BOS,SEA,2026-06-20T02:10:00Z,Pre-Game,4,Bryce Miller,682243,R,R,13.83,0.2341,90.18,102.9287,0.4957,0.2338,0.3727,76.42,66.65,47.92,25.9,45.36,17.2,7.02,33.76,88.06,0.3734,0.1533,27.73,7.9,7.9,7.9,T-Mobile Park,96,72,0,None,Yes,Yes,4,Yes,No,MLB Stats API; RotoWire,,H:2026/2025 P:2026/2025,,,Direct BvP not yet weighted; 2026/2025 Statcast baseline active,7,8,27,3,Hot streak: 3 HR in last 7 games,"same-side matchup; pitcher baseline 7.0% barrel, 7.9 HR allowed",neutral batted-ball profile; pitcher fly-ball pressure modest,,
680776,Jarren Duran,BOS,SEA,2026-06-20T02:10:00Z,Pre-Game,5,Bryce Miller,682243,R,L,11.17,0.1818,90.4,102.2947,0.3981,0.1634,0.3064,75.22,52.12,40.79,21.67,41.62,13.2,7.02,33.76,88.06,0.3734,0.1533,27.73,7.9,7.9,7.9,T-Mobile Park,96,72,0,None,Yes,Yes,5,Yes,No,MLB Stats API; RotoWire,,H:2026/2025 P:2026/2025,,,Direct BvP not yet weighted; 2026/2025 Statcast baseline active,7,6,28,2,Hot streak: 2 HR in last 7 games,"platoon edge; pitcher baseline 7.0% barrel, 7.9 HR allowed",neutral batted-ball profile; pitcher fly-ball pressure modest,,
643396,Isiah Kiner-Falefa,BOS,SEA,2026-06-20T02:10:00Z,Pre-Game,6,Bryce Miller,682243,R,R,2.52,0.0804,82.99,95.1977,0.3369,0.0695,0.297,68.14,3.16,38.78,14.32,26.8,2.0,7.02,33.76,88.06,0.3734,0.1533,27.73,7.9,7.9,7.9,T-Mobile Park,96,72,0,None,Yes,Yes,6,Yes,No,MLB Stats API; RotoWire,,H:2026/2025 P:2026/2025,,,Direct BvP not yet weighted; 2026/2025 Statcast baseline active,7,7,23,1,"Last 7 games: 7/23, 1 HR","same-side matchup; pitcher baseline 7.0% barrel, 7.9 HR allowed",neutral batted-ball profile; pitcher fly-ball pressure modest,,
702332,Caleb Durbin,BOS,SEA,2026-06-20T02:10:00Z,Pre-Game,7,Bryce Miller,682243,R,R,3.16,0.1303,85.13,96.3272,0.3368,0.0951,0.2896,68.39,2.81,41.16,18.91,29.49,6.1,7.02,33.76,88.06,0.3734,0.1533,27.73,7.9,7.9,7.9,T-Mobile Park,96,72,0,None,Yes,Yes,7,Yes,No,MLB Stats API; RotoWire,,H:2026/2025 P:2026/2025,,,Direct BvP not yet weighted; 2026/2025 Statcast baseline active,7,5,24,3,Hot streak: 3 HR in last 7 games,"same-side matchup; pitcher baseline 7.0% barrel, 7.9 HR allowed",neutral batted-ball profile; pitcher fly-ball pressure modest,,
665966,Carlos Narváez,BOS,SEA,2026-06-20T02:10:00Z,Pre-Game,8,Bryce Miller,682243,R,R,7.07,0.1171,90.82,99.982,0.3439,0.1249,0.2818,71.81,19.03,31.46,26.53,40.19,5.9,7.02,33.76,88.06,0.3734,0.1533,27.73,7.9,7.9,7.9,T-Mobile Park,96,72,0,None,Yes,Yes,8,Yes,No,MLB Stats API; RotoWire,,H:2026/2025 P:2026/2025,,,Direct BvP not yet weighted; 2026/2025 Statcast baseline active,7,3,23,0,"Last 7 games: 3/23, 0 HR","same-side matchup; pitcher baseline 7.0% barrel, 7.9 HR allowed",neutral batted-ball profile; pitcher fly-ball pressure modest,,
655316,Andruw Monasterio,BOS,SEA,2026-06-20T02:10:00Z,Pre-Game,9,Bryce Miller,682243,R,R,5.93,0.1509,87.49,97.7457,0.3518,0.1243,0.2758,68.96,3.32,41.18,31.2,36.43,2.6,7.02,33.76,88.06,0.3734,0.1533,27.73,7.9,7.9,7.9,T-Mobile Park,96,72,0,None,Yes,Yes,9,Yes,No,MLB Stats API; RotoWire,,H:2026/2025 P:2026/2025,,,Direct BvP not yet weighted; 2026/2025 Statcast baseline active,7,2,14,0,"Last 7 games: 2/14, 0 HR","same-side matchup; pitcher baseline 7.0% barrel, 7.9 HR allowed",neutral batted-ball profile; pitcher fly-ball pressure modest,,
608701,Rob Refsnyder,SEA,BOS,2026-06-20T02:10:00Z,Pre-Game,1,Ranger Suarez,624133,L,R,9.08,0.1338,88.36,99.3246,0.3492,0.1587,0.2806,72.43,23.65,46.2,29.63,40.47,4.8,5.99,32.15,86.85,0.3517,0.1152,23.05,7.0,7.0,7.0,T-Mobile Park,96,72,0,None,Yes,Yes,1,Yes,No,MLB Stats API; RotoWire,,H:2026/2025 P:2026/2025,,,Direct BvP not yet weighted; 2026/2025 Statcast baseline active,7,4,14,0,"Last 7 games: 4/14, 0 HR","platoon edge; pitcher baseline 6.0% barrel, 7.0 HR allowed",neutral batted-ball profile; pitcher fly-ball pressure modest,,
663728,Cal Raleigh,SEA,BOS,2026-06-20T02:10:00Z,Pre-Game,2,Ranger Suarez,624133,L,S,14.6,0.2048,88.57,100.1132,0.4364,0.2383,0.3164,74.85,50.85,51.98,45.65,36.79,22.9,5.99,32.15,86.85,0.3517,0.1152,23.05,7.0,7.0,7.0,T-Mobile Park,96,72,0,None,Yes,Yes,2,Yes,No,MLB Stats API; RotoWire,,H:2026/2025 P:2026/2025,,,Direct BvP not yet weighted; 2026/2025 Statcast baseline active,7,4,25,0,"Last 7 games: 4/25, 0 HR","switch hitter; pitcher baseline 6.0% barrel, 7.0 HR allowed",fly-ball profile; pitcher fly-ball pressure modest,,
677594,Julio Rodríguez,SEA,BOS,2026-06-20T02:10:00Z,Pre-Game,3,Ranger Suarez,624133,L,R,9.24,0.1881,90.68,102.911,0.4678,0.202,0.3412,76.61,66.56,36.53,24.79,45.2,18.7,5.99,32.15,86.85,0.3517,0.1152,23.05,7.0,7.0,7.0,T-Mobile Park,96,72,0,None,Yes,Yes,3,Yes,No,MLB Stats API; RotoWire,,H:2026/2025 P:2026/2025,,,Direct BvP not yet weighted; 2026/2025 Statcast baseline active,7,5,26,0,"Last 7 games: 5/26, 0 HR","platoon edge; pitcher baseline 6.0% barrel, 7.0 HR allowed",neutral batted-ball profile; pitcher fly-ball pressure modest,,
647304,Josh Naylor,SEA,BOS,2026-06-20T02:10:00Z,Pre-Game,4,Ranger Suarez,624133,L,L,5.58,0.132,88.22,99.3491,0.4136,0.1422,0.3259,70.51,10.69,44.37,23.2,39.24,11.6,5.99,32.15,86.85,0.3517,0.1152,23.05,7.0,7.0,7.0,T-Mobile Park,96,72,0,None,Yes,Yes,4,Yes,No,MLB Stats API; RotoWire,,H:2026/2025 P:2026/2025,,,Direct BvP not yet weighted; 2026/2025 Statcast baseline active,7,5,28,1,"Last 7 games: 5/28, 1 HR","same-side matchup; pitcher baseline 6.0% barrel, 7.0 HR allowed",neutral batted-ball profile; pitcher fly-ball pressure modest,,
686527,Dominic Canzone,SEA,BOS,2026-06-20T02:10:00Z,Pre-Game,5,Ranger Suarez,624133,L,L,15.27,0.2482,92.65,103.3852,0.5351,0.2444,0.383,74.22,42.93,38.5,26.72,49.14,11.0,5.99,32.15,86.85,0.3517,0.1152,23.05,7.0,7.0,7.0,T-Mobile Park,96,72,0,None,Yes,Yes,5,Yes,No,MLB Stats API; RotoWire,,H:2026/2025 P:2026/2025,,,Direct BvP not yet weighted; 2026/2025 Statcast baseline active,7,8,22,3,Hot streak: 3 HR in last 7 games,"same-side matchup; pitcher baseline 6.0% barrel, 7.0 HR allowed",EV profile; pitcher fly-ball pressure modest,,
702284,Cole Young,SEA,BOS,2026-06-20T02:10:00Z,Pre-Game,6,Ranger Suarez,624133,L,L,5.46,0.1073,87.95,98.8041,0.3977,0.1373,0.3201,71.68,23.35,44.36,27.08,36.21,5.4,5.99,32.15,86.85,0.3517,0.1152,23.05,7.0,7.0,7.0,T-Mobile Park,96,72,0,None,Yes,Yes,6,Yes,No,MLB Stats API; RotoWire,,H:2026/2025 P:2026/2025,,,Direct BvP not yet weighted; 2026/2025 Statcast baseline active,7,10,30,2,Hot streak: 2 HR in last 7 games,"same-side matchup; pitcher baseline 6.0% barrel, 7.0 HR allowed",neutral batted-ball profile; pitcher fly-ball pressure modest,,
645302,Victor Robles,SEA,BOS,2026-06-20T02:10:00Z,Pre-Game,7,Ranger Suarez,624133,L,R,4.55,0.0521,83.65,94.2056,0.3452,0.1086,0.2685,68.26,2.02,49.76,20.5,20.96,0.3,5.99,32.15,86.85,0.3517,0.1152,23.05,7.0,7.0,7.0,T-Mobile Park,96,72,0,None,Yes,Yes,7,Yes,No,MLB Stats API; RotoWire,,H:2026/2025 P:2026/2025,,,Direct BvP not yet weighted; 2026/2025 Statcast baseline active,7,4,19,0,"Last 7 games: 4/19, 0 HR","platoon edge; pitcher baseline 6.0% barrel, 7.0 HR allowed",neutral batted-ball profile; pitcher fly-ball pressure modest,,
806068,Colt Emerson,SEA,BOS,2026-06-20T02:10:00Z,Pre-Game,8,Ranger Suarez,624133,L,L,5.3,0.294,87.0,96.9931,0.27,0.104,0.236,72.8,29.0,49.1,19.3,29.8,6.0,5.99,32.15,86.85,0.3517,0.1152,23.05,7.0,7.0,7.0,T-Mobile Park,96,72,0,None,Yes,Yes,8,Yes,No,MLB Stats API; RotoWire,,H:2026 P:2026/2025,,,Direct BvP not yet weighted; 2026/2025 Statcast baseline active,7,5,23,2,Hot streak: 2 HR in last 7 games,"same-side matchup; pitcher baseline 6.0% barrel, 7.0 HR allowed",neutral batted-ball profile; pitcher fly-ball pressure modest,,
642215,Weston Wilson,SEA,BOS,2026-06-20T02:10:00Z,Pre-Game,9,Ranger Suarez,624133,L,R,5.68,0.1227,87.51,98.6024,0.3535,0.1396,0.3069,72.98,29.31,50.0,28.09,37.29,2.2,5.99,32.15,86.85,0.3517,0.1152,23.05,7.0,7.0,7.0,T-Mobile Park,96,72,0,None,Yes,Yes,9,Yes,No,MLB Stats API; RotoWire,,H:2026/2025 P:2026/2025,,,Direct BvP not yet weighted; 2026/2025 Statcast baseline active,7,3,16,1,"Last 7 games: 3/16, 1 HR","platoon edge; pitcher baseline 6.0% barrel, 7.0 HR allowed",neutral batted-ball profile; pitcher fly-ball pressure modest,,
